item_id,label,kind,scenario,s3_group,floor_level,control-q4km__score,control-q4km__verdict,control-rep__score,control-rep__verdict,control-defaultcache__score,control-defaultcache__verdict,qwen3vl-8b-q8__score,qwen3vl-8b-q8__verdict,qwen35-4b-q8__score,qwen35-4b-q8__verdict,qwen35-9b-q4km__score,qwen35-9b-q4km__verdict,qwen35-9b-q6k__score,qwen35-9b-q6k__verdict,gemma4-12b__score,gemma4-12b__verdict,qwen3vl-32b-q4km__score,qwen3vl-32b-q4km__verdict,gemma4-26b-a4b__score,gemma4-26b-a4b__verdict,qwen38-27b-q4km__score,qwen38-27b-q4km__verdict,qwen38-27b-q6k__score,qwen38-27b-q6k__verdict,qwen3vl-30b-a3b-q8__score,qwen3vl-30b-a3b-q8__verdict,qwen36-35b-a3b-q6k__score,qwen36-35b-a3b-q6k__verdict,qwen38-27b-iq2s__score,qwen38-27b-iq2s__verdict
generated:normal:B-batch-1-000,benign,benign,pool_service,,,0,confirmed,0,confirmed,0,confirmed,0,confirmed,0,confirmed,0,confirmed,0,confirmed,0,confirmed,0,confirmed,0,confirmed,5,confirmed,0,confirmed,10,confirmed,0,uncertain,10,confirmed
generated:normal:B-batch-1-001,benign,benign,pet_activity,,,0,confirmed,0,confirmed,0,confirmed,0,confirmed,0,confirmed,0,confirmed,0,confirmed,0,confirmed,0,confirmed,0,confirmed,5,confirmed,5,confirmed,10,confirmed,0,confirmed,0,confirmed
generated:normal:B-batch-1-002,benign,benign,wildlife,,,10,confirmed,10,confirmed,10,confirmed,5,confirmed,10,confirmed,10,confirmed,10,confirmed,0,confirmed,10,confirmed,10,confirmed,10,confirmed,10,confirmed,10,confirmed,0,uncertain,10,confirmed
generated:normal:B-batch-1-003,benign,benign,neighbor_passing,,,0,confirmed,0,confirmed,0,confirmed,10,confirmed,10,confirmed,0,confirmed,10,confirmed,0,confirmed,0,confirmed,10,confirmed,10,confirmed,10,confirmed,10,confirmed,0,rejected,10,confirmed
generated:normal:B-batch-1-004,benign,hard_negative,hooded_jogger,,,10,confirmed,10,confirmed,10,confirmed,10,confirmed,10,confirmed,10,confirmed,10,confirmed,10,confirmed,20,confirmed,10,confirmed,20,confirmed,55,confirmed,10,confirmed,0,rejected,75,confirmed
generated:normal:B-batch-1-005,benign,hard_negative,power_tools_at_night,,,20,confirmed,20,confirmed,20,confirmed,20,confirmed,0,confirmed,0,confirmed,25,confirmed,0,confirmed,0,confirmed,40,confirmed,15,confirmed,25,confirmed,50,confirmed,0,rejected,10,confirmed
generated:normal:B-batch-1-006,benign,hard_negative,winter_face_covering,,,0,confirmed,0,confirmed,0,confirmed,0,confirmed,0,confirmed,0,confirmed,0,confirmed,0,confirmed,0,confirmed,0,confirmed,0,confirmed,0,confirmed,10,confirmed,0,confirmed,0,confirmed
generated:normal:B-batch-1-007,benign,hard_negative,flashlight_neighbor,,,10,confirmed,10,confirmed,10,confirmed,10,confirmed,10,confirmed,10,confirmed,20,confirmed,45,confirmed,10,confirmed,10,confirmed,15,confirmed,15,confirmed,20,confirmed,0,uncertain,20,confirmed
generated:normal:B-batch-1-008,benign,hard_negative,landscaper_machete,,,20,confirmed,20,confirmed,20,confirmed,0,rejected,10,confirmed,10,rejected,0,rejected,10,confirmed,5,confirmed,20,confirmed,10,confirmed,10,confirmed,10,rejected,0,rejected,10,confirmed
generated:normal:B-batch-1-036,benign,benign,delivery_driver,,,0,confirmed,0,confirmed,0,confirmed,5,confirmed,10,confirmed,10,confirmed,0,confirmed,0,confirmed,10,confirmed,0,confirmed,15,confirmed,10,confirmed,10,confirmed,0,rejected,10,confirmed
generated:normal:B-batch-1-037,benign,benign,resident_arrival,,,10,confirmed,10,confirmed,10,confirmed,10,confirmed,0,confirmed,0,confirmed,5,confirmed,0,confirmed,0,confirmed,0,confirmed,10,confirmed,10,confirmed,10,confirmed,0,confirmed,10,confirmed
generated:normal:B-batch-1-038,benign,benign,yard_maintenance,,,0,confirmed,0,confirmed,0,confirmed,0,confirmed,0,confirmed,0,confirmed,0,confirmed,0,confirmed,0,confirmed,20,confirmed,0,confirmed,0,confirmed,20,confirmed,0,confirmed,10,confirmed
generated:normal:B-batch-1-039,benign,benign,pool_service,,,0,confirmed,0,confirmed,0,confirmed,0,confirmed,0,confirmed,0,confirmed,0,confirmed,0,confirmed,0,confirmed,0,confirmed,0,confirmed,0,confirmed,0,confirmed,0,rejected,0,confirmed
generated:normal:B-batch-1-040,benign,benign,pet_activity,,,0,confirmed,0,confirmed,0,confirmed,0,confirmed,0,confirmed,0,confirmed,0,confirmed,0,confirmed,0,confirmed,0,confirmed,0,confirmed,0,confirmed,10,confirmed,0,rejected,0,confirmed
generated:normal:B-batch-1-041,benign,benign,wildlife,,,10,confirmed,10,confirmed,10,confirmed,10,confirmed,0,confirmed,15,confirmed,0,confirmed,10,confirmed,0,confirmed,10,confirmed,10,confirmed,20,confirmed,10,confirmed,10,confirmed,10,confirmed
generated:normal:B-batch-1-042,benign,benign,neighbor_passing,,,60,confirmed,60,confirmed,60,confirmed,45,confirmed,30,confirmed,10,confirmed,10,confirmed,20,confirmed,10,confirmed,15,confirmed,20,confirmed,35,confirmed,20,confirmed,0,uncertain,10,confirmed
generated:normal:B-batch-1-043,benign,hard_negative,hooded_jogger,,,5,confirmed,5,confirmed,5,confirmed,5,confirmed,0,confirmed,0,confirmed,5,confirmed,0,confirmed,0,confirmed,0,confirmed,5,confirmed,5,confirmed,0,confirmed,0,uncertain,10,confirmed
generated:normal:B-batch-1-044,benign,hard_negative,power_tools_at_night,,,0,confirmed,0,confirmed,0,confirmed,20,confirmed,0,confirmed,65,confirmed,0,confirmed,0,confirmed,0,confirmed,40,confirmed,15,confirmed,15,confirmed,,verification_failed,0,rejected,20,confirmed
generated:normal:B-batch-1-045,benign,hard_negative,winter_face_covering,,,0,confirmed,0,confirmed,0,confirmed,0,confirmed,0,confirmed,0,confirmed,0,confirmed,0,confirmed,0,confirmed,0,confirmed,10,confirmed,10,confirmed,10,confirmed,0,uncertain,10,confirmed
generated:normal:B-batch-1-046,benign,hard_negative,flashlight_neighbor,,,10,confirmed,10,confirmed,10,confirmed,10,confirmed,10,confirmed,10,confirmed,10,confirmed,10,confirmed,20,confirmed,10,confirmed,20,confirmed,15,confirmed,10,confirmed,0,rejected,10,confirmed
generated:normal:B-batch-1-047,benign,hard_negative,landscaper_machete,,,0,confirmed,0,confirmed,0,confirmed,5,confirmed,0,confirmed,10,confirmed,0,rejected,0,rejected,0,confirmed,40,confirmed,0,confirmed,10,confirmed,10,confirmed,15,confirmed,10,confirmed
generated:normal:B-batch-2-025,benign,benign,delivery_driver,,,0,confirmed,0,confirmed,0,confirmed,0,confirmed,0,confirmed,0,confirmed,0,confirmed,0,confirmed,5,confirmed,0,confirmed,10,confirmed,5,confirmed,10,confirmed,0,rejected,10,confirmed
generated:normal:B-batch-2-026,benign,benign,resident_arrival,,,10,confirmed,10,confirmed,10,confirmed,20,confirmed,10,confirmed,10,confirmed,10,confirmed,10,confirmed,0,confirmed,10,confirmed,15,confirmed,15,confirmed,,verification_failed,0,rejected,10,confirmed
generated:normal:B-batch-2-027,benign,benign,yard_maintenance,,,0,confirmed,0,confirmed,0,confirmed,0,confirmed,0,confirmed,0,confirmed,0,confirmed,0,confirmed,0,confirmed,0,confirmed,0,confirmed,0,confirmed,0,confirmed,0,uncertain,0,confirmed
generated:normal:B-batch-2-028,benign,benign,pool_service,,,0,confirmed,0,confirmed,0,confirmed,0,confirmed,0,confirmed,0,confirmed,0,confirmed,0,confirmed,0,confirmed,0,confirmed,0,confirmed,0,confirmed,0,confirmed,0,uncertain,10,confirmed
generated:normal:B-batch-2-029,benign,benign,pet_activity,,,5,confirmed,5,confirmed,5,confirmed,10,confirmed,10,confirmed,10,confirmed,0,confirmed,0,confirmed,10,confirmed,0,confirmed,10,confirmed,10,confirmed,10,confirmed,0,confirmed,10,confirmed
generated:normal:B-batch-2-030,benign,benign,wildlife,,,10,confirmed,10,confirmed,10,confirmed,10,confirmed,10,confirmed,10,confirmed,10,confirmed,0,confirmed,25,confirmed,10,confirmed,10,confirmed,15,confirmed,60,confirmed,0,rejected,10,confirmed
generated:normal:B-batch-2-031,benign,benign,neighbor_passing,,,0,confirmed,0,confirmed,0,confirmed,0,confirmed,10,confirmed,10,confirmed,0,confirmed,0,confirmed,0,confirmed,0,confirmed,5,confirmed,5,confirmed,10,confirmed,0,uncertain,10,confirmed
generated:normal:B-batch-2-032,benign,hard_negative,hooded_jogger,,,5,confirmed,5,confirmed,5,confirmed,10,confirmed,0,confirmed,10,confirmed,0,confirmed,0,confirmed,0,confirmed,0,confirmed,5,confirmed,5,confirmed,10,confirmed,0,uncertain,10,confirmed
generated:normal:B-batch-2-033,benign,hard_negative,power_tools_at_night,,,10,confirmed,10,confirmed,10,confirmed,10,confirmed,10,confirmed,10,confirmed,10,confirmed,0,confirmed,20,confirmed,45,confirmed,10,confirmed,15,confirmed,75,confirmed,0,rejected,40,confirmed
generated:normal:B-batch-2-034,benign,hard_negative,winter_face_covering,,,0,confirmed,0,confirmed,0,confirmed,10,confirmed,10,confirmed,0,confirmed,0,confirmed,40,confirmed,10,confirmed,10,confirmed,10,confirmed,35,confirmed,,verification_failed,0,uncertain,0,confirmed
generated:normal:B-batch-2-035,benign,hard_negative,flashlight_neighbor,,,10,confirmed,10,confirmed,10,confirmed,5,confirmed,10,confirmed,10,confirmed,10,confirmed,10,confirmed,10,confirmed,10,confirmed,10,confirmed,10,confirmed,10,confirmed,0,rejected,20,confirmed
generated:normal:B-batch-2-036,benign,hard_negative,landscaper_machete,,,0,rejected,0,rejected,0,rejected,0,confirmed,10,confirmed,0,confirmed,0,confirmed,0,uncertain,0,rejected,10,confirmed,10,rejected,5,confirmed,0,rejected,0,rejected,20,confirmed
generated:normal:B-batch-2-064,benign,benign,delivery_driver,,,0,confirmed,0,confirmed,0,confirmed,0,confirmed,0,confirmed,0,confirmed,0,confirmed,0,confirmed,0,confirmed,0,confirmed,5,confirmed,5,confirmed,0,confirmed,0,confirmed,10,confirmed
generated:normal:B-batch-2-065,benign,benign,resident_arrival,,,5,confirmed,5,confirmed,5,confirmed,10,confirmed,10,confirmed,10,confirmed,10,confirmed,5,confirmed,0,confirmed,10,confirmed,10,confirmed,10,confirmed,10,confirmed,10,uncertain,40,confirmed
generated:normal:B-batch-2-066,benign,benign,yard_maintenance,,,0,confirmed,0,confirmed,0,confirmed,0,confirmed,0,confirmed,0,confirmed,0,confirmed,0,confirmed,0,confirmed,0,confirmed,0,confirmed,0,confirmed,10,confirmed,0,rejected,10,confirmed
generated:normal:B-batch-2-067,benign,benign,pool_service,,,0,confirmed,0,confirmed,0,confirmed,0,confirmed,0,confirmed,0,confirmed,0,confirmed,0,confirmed,0,confirmed,0,confirmed,5,confirmed,0,confirmed,0,confirmed,0,confirmed,0,confirmed
generated:normal:B-batch-2-068,benign,benign,pet_activity,,,0,confirmed,0,confirmed,0,confirmed,0,confirmed,10,confirmed,0,confirmed,0,confirmed,0,confirmed,0,confirmed,0,confirmed,0,confirmed,0,confirmed,10,confirmed,0,confirmed,0,confirmed
generated:normal:B-batch-2-069,benign,benign,wildlife,,,20,confirmed,20,confirmed,20,confirmed,10,confirmed,10,confirmed,10,confirmed,10,confirmed,0,confirmed,30,confirmed,10,confirmed,10,confirmed,10,confirmed,20,confirmed,0,rejected,10,confirmed
generated:normal:B-batch-2-070,benign,benign,neighbor_passing,,,10,confirmed,10,confirmed,10,confirmed,10,confirmed,10,confirmed,10,confirmed,10,confirmed,0,confirmed,0,confirmed,0,confirmed,5,confirmed,5,confirmed,10,confirmed,0,rejected,10,confirmed
generated:normal:B-batch-2-071,benign,hard_negative,hooded_jogger,,,10,confirmed,10,confirmed,10,confirmed,0,confirmed,10,confirmed,10,confirmed,5,confirmed,0,confirmed,0,confirmed,0,confirmed,5,confirmed,10,confirmed,10,confirmed,0,rejected,0,confirmed
generated:normal:B-batch-2-072,benign,hard_negative,power_tools_at_night,,,75,confirmed,75,confirmed,75,confirmed,75,confirmed,10,confirmed,10,confirmed,0,confirmed,0,confirmed,0,confirmed,85,confirmed,65,confirmed,35,confirmed,50,confirmed,15,confirmed,20,confirmed
generated:normal:B-batch-2-073,benign,hard_negative,winter_face_covering,,,10,confirmed,10,confirmed,10,confirmed,10,confirmed,10,confirmed,10,confirmed,20,confirmed,10,confirmed,10,confirmed,65,confirmed,85,confirmed,20,confirmed,10,confirmed,0,rejected,10,confirmed
generated:normal:B-batch-2-074,benign,hard_negative,flashlight_neighbor,,,10,confirmed,10,confirmed,10,confirmed,10,confirmed,10,confirmed,0,confirmed,10,confirmed,10,confirmed,0,confirmed,0,confirmed,10,confirmed,10,confirmed,20,confirmed,0,rejected,10,confirmed
generated:normal:B-batch-2-075,benign,hard_negative,landscaper_machete,,,0,confirmed,0,confirmed,0,confirmed,0,rejected,10,confirmed,0,confirmed,10,confirmed,10,confirmed,20,confirmed,10,confirmed,0,confirmed,20,confirmed,10,confirmed,10,uncertain,20,confirmed
generated:normal:B-batch-3-003,benign,benign,delivery_driver,,,0,confirmed,0,confirmed,0,confirmed,0,confirmed,0,confirmed,10,confirmed,5,confirmed,0,confirmed,0,confirmed,0,confirmed,5,confirmed,10,confirmed,10,confirmed,0,rejected,0,confirmed
generated:normal:B-batch-3-004,benign,benign,resident_arrival,,,0,confirmed,0,confirmed,0,confirmed,0,confirmed,0,confirmed,10,confirmed,5,confirmed,0,confirmed,0,confirmed,0,confirmed,10,confirmed,10,confirmed,10,confirmed,0,rejected,10,confirmed
generated:normal:B-batch-3-005,benign,benign,yard_maintenance,,,0,confirmed,0,confirmed,0,confirmed,0,confirmed,0,confirmed,20,rejected,75,rejected,0,confirmed,0,confirmed,0,confirmed,10,confirmed,5,confirmed,0,confirmed,0,uncertain,10,confirmed
generated:normal:B-batch-3-006,benign,benign,pool_service,,,0,confirmed,0,confirmed,0,confirmed,0,confirmed,0,confirmed,0,confirmed,0,confirmed,0,confirmed,0,confirmed,0,confirmed,0,confirmed,0,confirmed,10,confirmed,0,rejected,0,confirmed
generated:normal:B-batch-3-007,benign,benign,pet_activity,,,0,confirmed,0,confirmed,0,confirmed,0,confirmed,0,confirmed,0,confirmed,10,confirmed,0,confirmed,0,confirmed,0,confirmed,10,confirmed,10,confirmed,10,confirmed,0,confirmed,10,confirmed
generated:normal:B-batch-3-008,benign,benign,wildlife,,,0,confirmed,0,confirmed,0,confirmed,0,confirmed,10,confirmed,10,confirmed,10,confirmed,0,confirmed,0,confirmed,0,confirmed,5,confirmed,0,confirmed,10,confirmed,0,uncertain,10,confirmed
generated:normal:B-batch-3-009,benign,benign,neighbor_passing,,,0,confirmed,0,confirmed,0,confirmed,0,confirmed,10,confirmed,10,confirmed,10,confirmed,0,confirmed,0,confirmed,0,confirmed,10,confirmed,5,confirmed,10,confirmed,0,rejected,10,confirmed
generated:normal:B-batch-3-010,benign,hard_negative,hooded_jogger,,,50,confirmed,50,confirmed,50,confirmed,10,confirmed,20,confirmed,10,confirmed,30,confirmed,10,confirmed,45,confirmed,40,confirmed,20,confirmed,35,confirmed,20,confirmed,0,uncertain,60,confirmed
generated:normal:B-batch-3-011,benign,hard_negative,power_tools_at_night,,,10,confirmed,10,confirmed,10,confirmed,95,confirmed,10,confirmed,10,confirmed,10,confirmed,10,confirmed,20,confirmed,0,confirmed,15,confirmed,85,confirmed,,verification_failed,0,confirmed,10,confirmed
generated:normal:B-batch-3-012,benign,hard_negative,winter_face_covering,,,0,confirmed,0,confirmed,0,confirmed,0,confirmed,0,confirmed,0,confirmed,0,confirmed,0,confirmed,0,confirmed,0,confirmed,5,confirmed,5,confirmed,10,confirmed,0,rejected,0,confirmed
generated:normal:B-batch-3-013,benign,hard_negative,flashlight_neighbor,,,30,confirmed,30,confirmed,30,confirmed,10,confirmed,75,confirmed,10,confirmed,10,confirmed,30,confirmed,20,confirmed,20,confirmed,20,confirmed,20,confirmed,85,confirmed,5,uncertain,20,confirmed
generated:normal:B-batch-3-014,benign,hard_negative,landscaper_machete,,,0,rejected,0,rejected,0,rejected,0,rejected,0,confirmed,10,confirmed,5,confirmed,0,confirmed,0,rejected,20,confirmed,10,confirmed,10,confirmed,10,confirmed,0,confirmed,20,confirmed
generated:normal:B-batch-3-042,benign,benign,delivery_driver,,,0,confirmed,0,confirmed,0,confirmed,0,confirmed,0,confirmed,0,confirmed,10,confirmed,0,confirmed,5,confirmed,0,confirmed,5,confirmed,5,confirmed,0,confirmed,0,rejected,10,confirmed
generated:normal:B-batch-3-043,benign,benign,resident_arrival,,,0,confirmed,0,confirmed,0,confirmed,0,confirmed,0,confirmed,0,confirmed,5,confirmed,0,confirmed,0,confirmed,0,confirmed,0,confirmed,0,confirmed,10,confirmed,0,uncertain,0,confirmed
generated:normal:B-batch-3-044,benign,benign,yard_maintenance,,,0,confirmed,0,confirmed,0,confirmed,0,confirmed,0,confirmed,0,confirmed,0,confirmed,0,confirmed,0,confirmed,0,confirmed,5,confirmed,5,confirmed,10,confirmed,0,confirmed,10,confirmed
generated:normal:B-batch-3-045,benign,benign,pool_service,,,0,confirmed,0,confirmed,0,confirmed,0,confirmed,0,confirmed,0,confirmed,0,confirmed,0,confirmed,0,confirmed,0,confirmed,0,confirmed,0,confirmed,0,confirmed,0,rejected,0,confirmed
generated:normal:B-batch-3-046,benign,benign,pet_activity,,,10,confirmed,10,confirmed,10,confirmed,0,confirmed,0,confirmed,0,confirmed,0,confirmed,0,confirmed,0,confirmed,0,confirmed,5,confirmed,0,confirmed,0,confirmed,0,confirmed,0,confirmed
generated:normal:B-batch-3-047,benign,benign,wildlife,,,20,confirmed,20,confirmed,20,confirmed,10,confirmed,10,confirmed,20,confirmed,10,confirmed,1,confirmed,30,confirmed,20,confirmed,20,confirmed,20,confirmed,65,confirmed,45,confirmed,20,confirmed
generated:normal:B-batch-3-048,benign,benign,neighbor_passing,,,0,confirmed,0,confirmed,0,confirmed,0,confirmed,10,confirmed,10,confirmed,10,confirmed,0,confirmed,0,confirmed,0,confirmed,5,confirmed,10,confirmed,10,confirmed,0,uncertain,0,confirmed
generated:normal:B-batch-3-049,benign,hard_negative,hooded_jogger,,,75,confirmed,75,confirmed,75,confirmed,75,confirmed,20,confirmed,30,confirmed,20,confirmed,50,confirmed,30,confirmed,40,confirmed,75,confirmed,85,confirmed,,verification_failed,85,confirmed,75,confirmed
generated:normal:B-batch-3-050,benign,hard_negative,power_tools_at_night,,,20,confirmed,20,confirmed,20,confirmed,30,confirmed,10,confirmed,0,confirmed,0,confirmed,0,confirmed,0,confirmed,40,confirmed,15,confirmed,10,confirmed,,verification_failed,0,confirmed,20,confirmed
generated:normal:B-batch-3-051,benign,hard_negative,winter_face_covering,,,5,confirmed,5,confirmed,5,confirmed,10,confirmed,10,confirmed,10,confirmed,10,confirmed,0,confirmed,10,confirmed,10,confirmed,10,confirmed,20,confirmed,10,confirmed,0,uncertain,10,confirmed
generated:normal:B-batch-3-052,benign,hard_negative,flashlight_neighbor,,,10,confirmed,10,confirmed,10,confirmed,10,confirmed,50,confirmed,65,confirmed,25,confirmed,45,confirmed,75,confirmed,65,confirmed,85,confirmed,45,confirmed,60,confirmed,0,uncertain,20,confirmed
generated:normal:B-batch-3-053,benign,hard_negative,landscaper_machete,,,10,confirmed,10,confirmed,10,confirmed,0,confirmed,10,confirmed,0,confirmed,10,confirmed,50,confirmed,10,confirmed,30,confirmed,5,confirmed,5,confirmed,10,confirmed,0,uncertain,20,confirmed
generated:normal:B-batch-3-081,benign,benign,delivery_driver,,,0,confirmed,0,confirmed,0,confirmed,0,confirmed,0,confirmed,10,confirmed,0,confirmed,0,confirmed,0,confirmed,0,confirmed,5,confirmed,5,confirmed,10,confirmed,0,rejected,10,confirmed
generated:normal:B-batch-3-082,benign,benign,resident_arrival,,,10,confirmed,10,confirmed,10,confirmed,10,confirmed,10,confirmed,10,confirmed,10,confirmed,45,confirmed,10,confirmed,20,confirmed,20,confirmed,15,confirmed,10,confirmed,0,uncertain,10,confirmed
generated:normal:B-batch-3-083,benign,benign,yard_maintenance,,,0,confirmed,0,confirmed,0,confirmed,0,confirmed,0,confirmed,0,confirmed,5,confirmed,0,confirmed,0,confirmed,0,confirmed,0,confirmed,5,confirmed,10,confirmed,0,confirmed,10,confirmed
generated:normal:B-batch-3-084,benign,benign,pool_service,,,0,confirmed,0,confirmed,0,confirmed,0,confirmed,0,confirmed,0,confirmed,0,confirmed,0,confirmed,0,confirmed,0,confirmed,0,confirmed,0,confirmed,0,confirmed,0,confirmed,10,confirmed
generated:normal:B-batch-3-085,benign,benign,pet_activity,,,10,confirmed,10,confirmed,10,confirmed,0,confirmed,0,confirmed,0,confirmed,0,confirmed,0,confirmed,0,confirmed,0,confirmed,10,confirmed,0,confirmed,10,confirmed,0,confirmed,10,confirmed
generated:normal:B-batch-3-086,benign,benign,wildlife,,,10,confirmed,10,confirmed,10,confirmed,10,confirmed,10,confirmed,10,confirmed,10,confirmed,0,confirmed,10,confirmed,10,confirmed,20,confirmed,10,confirmed,10,confirmed,35,confirmed,10,confirmed
generated:normal:B-batch-3-087,benign,benign,neighbor_passing,,,0,confirmed,0,confirmed,0,confirmed,10,confirmed,10,confirmed,0,confirmed,0,confirmed,0,confirmed,0,confirmed,0,confirmed,5,confirmed,5,confirmed,10,confirmed,0,uncertain,10,confirmed
generated:normal:B-batch-3-088,benign,hard_negative,hooded_jogger,,,75,confirmed,75,confirmed,75,confirmed,75,confirmed,20,confirmed,10,confirmed,10,confirmed,0,confirmed,20,confirmed,10,confirmed,20,confirmed,20,confirmed,20,confirmed,0,uncertain,10,confirmed
generated:normal:B-batch-3-089,benign,hard_negative,power_tools_at_night,,,0,confirmed,0,confirmed,0,confirmed,0,confirmed,0,confirmed,0,confirmed,0,confirmed,40,confirmed,10,confirmed,10,confirmed,10,confirmed,10,confirmed,10,confirmed,15,confirmed,10,confirmed
generated:normal:B-batch-3-090,benign,hard_negative,winter_face_covering,,,10,confirmed,10,confirmed,10,confirmed,10,confirmed,10,confirmed,10,confirmed,10,confirmed,10,confirmed,0,confirmed,10,confirmed,10,confirmed,20,confirmed,10,confirmed,10,confirmed,10,confirmed
generated:normal:B-batch-3-091,benign,hard_negative,flashlight_neighbor,,,10,confirmed,10,confirmed,10,confirmed,75,confirmed,10,confirmed,0,confirmed,10,confirmed,10,confirmed,10,confirmed,10,confirmed,15,confirmed,20,confirmed,75,confirmed,10,uncertain,20,confirmed
generated:normal:B-batch-3-092,benign,hard_negative,landscaper_machete,,,0,confirmed,0,confirmed,0,confirmed,10,confirmed,10,confirmed,0,confirmed,10,confirmed,10,confirmed,0,rejected,10,confirmed,10,confirmed,10,confirmed,10,confirmed,15,confirmed,20,confirmed
generated:normal:B-batch-4-020,benign,benign,delivery_driver,,,0,confirmed,0,confirmed,0,confirmed,0,confirmed,0,confirmed,0,confirmed,10,confirmed,0,confirmed,0,confirmed,0,confirmed,10,confirmed,10,confirmed,0,confirmed,0,uncertain,10,confirmed
generated:normal:B-batch-4-021,benign,benign,resident_arrival,,,0,confirmed,0,confirmed,0,confirmed,0,confirmed,10,confirmed,10,confirmed,10,confirmed,0,confirmed,0,confirmed,0,confirmed,10,confirmed,20,confirmed,10,confirmed,0,uncertain,10,confirmed
generated:normal:B-batch-4-022,benign,benign,yard_maintenance,,,0,confirmed,0,confirmed,0,confirmed,0,confirmed,0,confirmed,0,confirmed,0,confirmed,0,confirmed,0,confirmed,0,confirmed,5,confirmed,0,confirmed,0,confirmed,0,rejected,10,confirmed
generated:normal:B-batch-4-023,benign,benign,pool_service,,,0,confirmed,0,confirmed,0,confirmed,0,confirmed,0,confirmed,0,confirmed,0,confirmed,0,confirmed,0,confirmed,0,confirmed,0,confirmed,0,confirmed,0,confirmed,0,uncertain,0,confirmed
generated:normal:B-batch-4-024,benign,benign,pet_activity,,,10,confirmed,10,confirmed,10,confirmed,0,confirmed,0,confirmed,10,confirmed,0,confirmed,0,confirmed,0,confirmed,0,confirmed,5,confirmed,10,confirmed,10,confirmed,0,confirmed,10,confirmed
generated:normal:B-batch-4-025,benign,benign,wildlife,,,10,confirmed,10,confirmed,10,confirmed,5,confirmed,10,confirmed,10,confirmed,10,confirmed,0,confirmed,0,confirmed,10,confirmed,10,confirmed,10,confirmed,10,confirmed,0,confirmed,10,confirmed
generated:normal:B-batch-4-026,benign,benign,neighbor_passing,,,10,confirmed,10,confirmed,10,confirmed,0,confirmed,10,confirmed,10,confirmed,10,confirmed,0,confirmed,10,confirmed,0,confirmed,15,confirmed,15,confirmed,10,confirmed,0,uncertain,10,confirmed
generated:normal:B-batch-4-027,benign,hard_negative,hooded_jogger,,,75,confirmed,75,confirmed,75,confirmed,75,confirmed,30,confirmed,50,confirmed,40,confirmed,10,confirmed,20,confirmed,10,confirmed,85,confirmed,45,confirmed,65,confirmed,0,uncertain,60,confirmed
generated:normal:B-batch-4-028,benign,hard_negative,power_tools_at_night,,,30,confirmed,30,confirmed,30,confirmed,75,confirmed,10,confirmed,10,confirmed,40,confirmed,0,confirmed,20,confirmed,40,confirmed,15,confirmed,25,confirmed,20,confirmed,0,rejected,40,confirmed
generated:normal:B-batch-4-029,benign,hard_negative,winter_face_covering,,,0,confirmed,0,confirmed,0,confirmed,0,confirmed,0,confirmed,0,confirmed,0,confirmed,0,confirmed,0,confirmed,0,confirmed,0,confirmed,5,confirmed,0,confirmed,0,rejected,0,confirmed
generated:normal:B-batch-4-030,benign,hard_negative,flashlight_neighbor,,,10,confirmed,10,confirmed,10,confirmed,10,confirmed,10,confirmed,0,confirmed,10,confirmed,10,confirmed,10,confirmed,0,confirmed,10,confirmed,10,confirmed,10,confirmed,15,confirmed,10,confirmed
generated:normal:B-batch-4-031,benign,hard_negative,landscaper_machete,,,0,confirmed,0,confirmed,0,confirmed,0,uncertain,10,confirmed,0,confirmed,10,confirmed,0,confirmed,0,rejected,0,rejected,10,confirmed,10,confirmed,0,rejected,0,rejected,30,confirmed
generated:normal:B-batch-4-059,benign,benign,delivery_driver,,,0,confirmed,0,confirmed,0,confirmed,0,confirmed,0,confirmed,0,confirmed,0,confirmed,0,confirmed,0,confirmed,0,confirmed,10,confirmed,5,confirmed,0,confirmed,0,confirmed,10,confirmed
generated:normal:B-batch-4-060,benign,benign,resident_arrival,,,5,confirmed,5,confirmed,5,confirmed,0,confirmed,0,confirmed,0,confirmed,0,confirmed,0,confirmed,0,confirmed,0,confirmed,5,confirmed,5,confirmed,10,confirmed,0,uncertain,10,confirmed
generated:normal:B-batch-4-061,benign,benign,yard_maintenance,,,0,confirmed,0,confirmed,0,confirmed,0,confirmed,0,confirmed,0,confirmed,0,confirmed,0,confirmed,0,confirmed,0,confirmed,0,confirmed,0,confirmed,0,rejected,0,rejected,10,confirmed
generated:normal:B-batch-4-062,benign,benign,pool_service,,,0,confirmed,0,confirmed,0,confirmed,0,confirmed,0,confirmed,0,confirmed,0,confirmed,0,confirmed,0,confirmed,0,confirmed,0,confirmed,0,confirmed,0,confirmed,0,confirmed,10,confirmed
generated:normal:B-batch-4-064,benign,benign,wildlife,,,10,confirmed,10,confirmed,10,confirmed,10,confirmed,10,confirmed,10,confirmed,10,confirmed,1,confirmed,30,confirmed,30,confirmed,10,confirmed,15,confirmed,70,confirmed,0,uncertain,20,confirmed
generated:normal:B-batch-4-065,benign,benign,neighbor_passing,,,10,confirmed,10,confirmed,10,confirmed,10,confirmed,10,confirmed,10,confirmed,10,confirmed,10,confirmed,10,confirmed,65,confirmed,15,confirmed,15,confirmed,10,confirmed,0,rejected,10,confirmed
generated:normal:B-batch-4-066,benign,hard_negative,hooded_jogger,,,5,confirmed,5,confirmed,5,confirmed,0,confirmed,10,confirmed,0,confirmed,0,confirmed,0,confirmed,0,confirmed,0,confirmed,5,confirmed,10,confirmed,10,confirmed,0,uncertain,10,confirmed
generated:normal:B-batch-4-067,benign,hard_negative,power_tools_at_night,,,75,confirmed,75,confirmed,75,confirmed,75,confirmed,10,confirmed,10,confirmed,0,confirmed,0,confirmed,30,confirmed,85,confirmed,15,confirmed,10,confirmed,10,confirmed,15,confirmed,10,confirmed
generated:normal:B-batch-4-068,benign,hard_negative,winter_face_covering,,,10,confirmed,10,confirmed,10,confirmed,0,confirmed,10,confirmed,0,confirmed,0,confirmed,0,confirmed,0,confirmed,0,confirmed,5,confirmed,0,confirmed,10,confirmed,0,confirmed,0,confirmed
generated:normal:B-batch-4-069,benign,hard_negative,flashlight_neighbor,,,0,confirmed,0,confirmed,0,confirmed,0,confirmed,10,confirmed,10,confirmed,5,confirmed,0,confirmed,10,confirmed,10,confirmed,10,confirmed,20,confirmed,10,confirmed,0,rejected,10,confirmed
generated:normal:B-batch-4-070,benign,hard_negative,landscaper_machete,,,10,confirmed,10,confirmed,10,confirmed,10,confirmed,10,confirmed,10,confirmed,0,confirmed,0,confirmed,10,confirmed,10,confirmed,10,confirmed,10,confirmed,10,confirmed,0,confirmed,10,confirmed
generated:normal:B-batch-4-098,benign,benign,delivery_driver,,,0,confirmed,0,confirmed,0,confirmed,0,confirmed,0,confirmed,0,confirmed,0,confirmed,0,confirmed,0,confirmed,0,confirmed,10,confirmed,0,confirmed,20,confirmed,0,uncertain,10,confirmed
generated:normal:B-batch-4-099,benign,benign,resident_arrival,,,10,confirmed,10,confirmed,10,confirmed,0,confirmed,10,confirmed,0,confirmed,10,confirmed,0,confirmed,0,confirmed,0,confirmed,25,confirmed,10,confirmed,10,confirmed,0,uncertain,10,confirmed
generated:normal:B-batch-5-000,benign,hard_negative,hooded_jogger,,,10,confirmed,10,confirmed,10,confirmed,10,confirmed,0,confirmed,10,confirmed,0,confirmed,0,confirmed,0,confirmed,0,confirmed,10,confirmed,5,confirmed,10,confirmed,0,rejected,10,confirmed
generated:normal:B-batch-5-001,benign,hard_negative,power_tools_at_night,,,0,confirmed,0,confirmed,0,confirmed,0,confirmed,0,confirmed,10,confirmed,0,confirmed,0,confirmed,0,confirmed,10,confirmed,0,confirmed,5,confirmed,10,confirmed,0,uncertain,10,confirmed
generated:normal:B-batch-5-002,benign,hard_negative,winter_face_covering,,,10,confirmed,10,confirmed,10,confirmed,10,confirmed,10,confirmed,0,confirmed,10,confirmed,0,confirmed,10,confirmed,10,confirmed,10,confirmed,10,confirmed,,verification_failed,0,rejected,10,confirmed
generated:normal:B-batch-5-003,benign,hard_negative,flashlight_neighbor,,,5,confirmed,5,confirmed,5,confirmed,5,confirmed,10,confirmed,10,confirmed,10,confirmed,10,confirmed,10,confirmed,10,confirmed,15,confirmed,20,confirmed,10,confirmed,0,rejected,10,confirmed
generated:normal:B-batch-5-004,benign,hard_negative,landscaper_machete,,,0,rejected,0,rejected,0,rejected,0,rejected,10,confirmed,0,confirmed,0,confirmed,0,uncertain,0,rejected,10,confirmed,10,confirmed,10,confirmed,10,confirmed,0,rejected,20,confirmed
generated:normal:B-batch-5-005,benign,hard_negative,hooded_jogger,,,30,confirmed,30,confirmed,30,confirmed,10,confirmed,10,confirmed,10,confirmed,10,confirmed,0,confirmed,10,confirmed,10,confirmed,15,confirmed,20,confirmed,10,confirmed,0,rejected,10,confirmed
generated:normal:B-batch-5-006,benign,hard_negative,power_tools_at_night,,,20,confirmed,20,confirmed,20,confirmed,75,confirmed,10,confirmed,50,confirmed,40,confirmed,10,confirmed,20,confirmed,65,confirmed,35,confirmed,20,confirmed,60,confirmed,15,confirmed,20,confirmed
generated:normal:B-batch-5-007,benign,hard_negative,winter_face_covering,,,5,confirmed,5,confirmed,5,confirmed,0,confirmed,0,confirmed,10,confirmed,0,confirmed,0,confirmed,0,confirmed,0,confirmed,5,confirmed,10,confirmed,0,confirmed,0,confirmed,0,confirmed
generated:normal:B-batch-5-008,benign,hard_negative,flashlight_neighbor,,,10,confirmed,10,confirmed,10,confirmed,10,confirmed,10,confirmed,10,confirmed,10,confirmed,10,confirmed,10,confirmed,10,confirmed,20,confirmed,30,confirmed,10,confirmed,0,uncertain,10,confirmed
generated:normal:B-batch-5-009,benign,hard_negative,landscaper_machete,,,10,confirmed,10,confirmed,10,confirmed,10,confirmed,10,confirmed,10,confirmed,0,confirmed,40,confirmed,10,confirmed,65,confirmed,20,confirmed,10,confirmed,10,confirmed,0,rejected,30,confirmed
generated:normal:B-batch-5-010,benign,hard_negative,hooded_jogger,,,10,confirmed,10,confirmed,10,confirmed,10,confirmed,10,confirmed,10,confirmed,0,confirmed,0,confirmed,0,confirmed,40,confirmed,35,confirmed,45,confirmed,10,confirmed,0,uncertain,50,confirmed
generated:normal:B-batch-5-011,benign,hard_negative,power_tools_at_night,,,5,confirmed,5,confirmed,5,confirmed,0,confirmed,0,confirmed,10,confirmed,10,confirmed,0,confirmed,0,confirmed,0,confirmed,15,confirmed,10,confirmed,10,confirmed,45,confirmed,10,confirmed
generated:normal:B-batch-5-012,benign,hard_negative,winter_face_covering,,,10,confirmed,10,confirmed,10,confirmed,10,confirmed,10,confirmed,10,confirmed,0,confirmed,10,confirmed,0,confirmed,0,confirmed,10,confirmed,10,confirmed,10,confirmed,0,confirmed,0,confirmed
generated:normal:B-batch-5-013,benign,hard_negative,flashlight_neighbor,,,10,confirmed,10,confirmed,10,confirmed,0,confirmed,10,confirmed,0,confirmed,0,confirmed,10,confirmed,10,confirmed,10,confirmed,20,confirmed,15,confirmed,10,confirmed,0,rejected,10,confirmed
generated:normal:B-batch-5-014,benign,hard_negative,landscaper_machete,,,0,rejected,0,rejected,0,rejected,0,rejected,10,confirmed,20,rejected,10,rejected,0,confirmed,0,rejected,10,rejected,0,rejected,5,confirmed,10,confirmed,0,rejected,10,confirmed
generated:normal:B-batch-5-015,benign,hard_negative,hooded_jogger,,,75,confirmed,75,confirmed,75,confirmed,75,confirmed,75,confirmed,50,confirmed,85,confirmed,85,confirmed,85,confirmed,75,confirmed,65,confirmed,85,confirmed,75,confirmed,75,confirmed,65,confirmed
generated:normal:B-batch-5-016,benign,hard_negative,power_tools_at_night,,,5,confirmed,5,confirmed,5,confirmed,10,confirmed,0,confirmed,10,confirmed,10,confirmed,10,confirmed,0,confirmed,10,confirmed,20,confirmed,15,confirmed,10,confirmed,85,confirmed,10,confirmed
generated:normal:B-batch-5-017,benign,hard_negative,winter_face_covering,,,0,confirmed,0,confirmed,0,confirmed,0,confirmed,0,confirmed,0,confirmed,0,confirmed,0,confirmed,0,confirmed,0,confirmed,0,confirmed,5,confirmed,10,confirmed,0,confirmed,0,confirmed
generated:normal:B-batch-5-018,benign,hard_negative,flashlight_neighbor,,,10,confirmed,10,confirmed,10,confirmed,10,confirmed,10,confirmed,10,confirmed,10,confirmed,10,confirmed,10,confirmed,10,confirmed,15,confirmed,15,confirmed,10,confirmed,10,uncertain,10,confirmed
generated:normal:B-batch-5-019,benign,hard_negative,landscaper_machete,,,0,confirmed,0,confirmed,0,confirmed,5,confirmed,10,confirmed,10,confirmed,0,confirmed,0,confirmed,10,rejected,10,uncertain,10,confirmed,10,confirmed,0,rejected,0,confirmed,20,confirmed
generated:normal:B-batch-5-020,benign,hard_negative,hooded_jogger,,,0,confirmed,0,confirmed,0,confirmed,0,confirmed,0,confirmed,10,confirmed,5,confirmed,0,confirmed,10,confirmed,0,confirmed,10,confirmed,10,confirmed,10,confirmed,0,confirmed,10,confirmed
generated:normal:B-batch-5-021,benign,hard_negative,power_tools_at_night,,,30,confirmed,30,confirmed,30,confirmed,75,confirmed,10,confirmed,10,confirmed,0,confirmed,0,confirmed,30,confirmed,85,confirmed,15,confirmed,45,confirmed,50,confirmed,0,uncertain,40,confirmed
generated:normal:B-batch-5-022,benign,hard_negative,winter_face_covering,,,0,confirmed,0,confirmed,0,confirmed,10,confirmed,0,confirmed,0,confirmed,0,confirmed,0,confirmed,0,confirmed,0,confirmed,10,confirmed,5,confirmed,10,confirmed,0,rejected,10,confirmed
generated:normal:B-batch-5-023,benign,hard_negative,flashlight_neighbor,,,10,confirmed,10,confirmed,10,confirmed,10,confirmed,20,confirmed,10,confirmed,10,confirmed,10,confirmed,10,confirmed,10,confirmed,15,confirmed,10,confirmed,10,confirmed,0,uncertain,10,confirmed
generated:normal:B-batch-5-024,benign,hard_negative,landscaper_machete,,,10,confirmed,10,confirmed,10,confirmed,10,confirmed,10,confirmed,10,confirmed,10,confirmed,0,confirmed,0,confirmed,40,confirmed,10,confirmed,5,confirmed,10,confirmed,15,confirmed,10,confirmed
generated:normal:B-batch-5-025,benign,hard_negative,hooded_jogger,,,10,confirmed,10,confirmed,10,confirmed,20,confirmed,30,confirmed,10,confirmed,10,confirmed,30,confirmed,75,confirmed,30,confirmed,85,confirmed,90,confirmed,20,confirmed,85,confirmed,85,confirmed
generated:normal:B-batch-5-026,benign,hard_negative,power_tools_at_night,,,25,confirmed,25,confirmed,25,confirmed,85,confirmed,10,confirmed,0,confirmed,20,confirmed,0,confirmed,0,confirmed,40,confirmed,10,confirmed,35,confirmed,50,confirmed,0,rejected,10,confirmed
generated:normal:B-batch-5-027,benign,hard_negative,winter_face_covering,,,0,confirmed,0,confirmed,0,confirmed,5,confirmed,0,confirmed,10,confirmed,0,confirmed,0,confirmed,0,confirmed,0,confirmed,5,confirmed,5,confirmed,10,confirmed,0,uncertain,10,confirmed
generated:normal:B-batch-5-028,benign,hard_negative,flashlight_neighbor,,,10,confirmed,10,confirmed,10,confirmed,10,confirmed,20,confirmed,10,confirmed,20,confirmed,10,confirmed,10,confirmed,10,confirmed,10,confirmed,20,confirmed,20,confirmed,15,rejected,20,confirmed
generated:normal:B-batch-5-029,benign,hard_negative,landscaper_machete,,,10,confirmed,10,confirmed,10,confirmed,10,confirmed,10,confirmed,0,confirmed,10,confirmed,10,confirmed,0,rejected,20,rejected,10,confirmed,10,confirmed,10,confirmed,0,rejected,30,confirmed
generated:normal:B-batch-5-030,benign,hard_negative,hooded_jogger,,,75,confirmed,75,confirmed,75,confirmed,40,confirmed,10,confirmed,10,confirmed,10,confirmed,0,confirmed,30,confirmed,10,rejected,10,confirmed,10,confirmed,10,confirmed,10,uncertain,10,confirmed
generated:normal:B-batch-5-031,benign,hard_negative,power_tools_at_night,,,10,confirmed,10,confirmed,10,confirmed,20,confirmed,10,confirmed,50,confirmed,0,confirmed,0,confirmed,10,confirmed,45,confirmed,15,confirmed,25,confirmed,10,confirmed,15,confirmed,10,confirmed
generated:normal:B-batch-5-032,benign,hard_negative,winter_face_covering,,,0,confirmed,0,confirmed,0,confirmed,0,confirmed,0,confirmed,0,confirmed,0,confirmed,0,confirmed,0,confirmed,0,confirmed,10,confirmed,5,confirmed,0,confirmed,0,confirmed,10,confirmed
generated:normal:B-batch-5-033,benign,hard_negative,flashlight_neighbor,,,20,confirmed,20,confirmed,20,confirmed,10,confirmed,10,confirmed,10,confirmed,10,confirmed,10,confirmed,20,confirmed,10,confirmed,10,confirmed,10,confirmed,10,confirmed,0,rejected,10,confirmed
generated:normal:B-batch-5-034,benign,hard_negative,landscaper_machete,,,0,uncertain,0,uncertain,0,uncertain,0,rejected,10,confirmed,20,rejected,10,rejected,0,uncertain,0,rejected,20,rejected,5,confirmed,0,rejected,10,confirmed,0,confirmed,20,confirmed
generated:normal:B-batch-5-035,benign,hard_negative,hooded_jogger,,,10,confirmed,10,confirmed,10,confirmed,10,confirmed,10,confirmed,0,confirmed,10,confirmed,0,confirmed,10,confirmed,10,confirmed,15,confirmed,15,confirmed,20,confirmed,0,rejected,10,confirmed
generated:normal:B-batch-5-036,benign,hard_negative,power_tools_at_night,,,75,confirmed,75,confirmed,75,confirmed,75,confirmed,10,confirmed,0,confirmed,20,confirmed,0,confirmed,0,confirmed,45,confirmed,15,confirmed,25,confirmed,10,confirmed,0,rejected,10,confirmed
generated:normal:B-batch-5-037,benign,hard_negative,winter_face_covering,,,0,confirmed,0,confirmed,0,confirmed,0,confirmed,0,confirmed,0,confirmed,0,confirmed,0,confirmed,0,confirmed,0,confirmed,0,confirmed,0,confirmed,0,confirmed,0,uncertain,0,confirmed
generated:normal:B-batch-5-038,benign,hard_negative,flashlight_neighbor,,,5,confirmed,5,confirmed,5,confirmed,5,confirmed,10,confirmed,0,confirmed,10,confirmed,30,confirmed,10,confirmed,10,confirmed,20,confirmed,35,confirmed,10,confirmed,0,uncertain,10,confirmed
generated:normal:B-batch-5-039,benign,hard_negative,landscaper_machete,,,0,confirmed,0,confirmed,0,confirmed,10,uncertain,0,confirmed,0,confirmed,10,confirmed,0,confirmed,0,rejected,40,confirmed,15,confirmed,20,confirmed,,verification_failed,0,confirmed,20,confirmed
generated:normal:B-batch-5-040,benign,hard_negative,hooded_jogger,,,10,confirmed,10,confirmed,10,confirmed,0,confirmed,10,confirmed,0,confirmed,10,confirmed,0,confirmed,0,confirmed,0,confirmed,15,confirmed,35,confirmed,10,confirmed,0,rejected,10,confirmed
generated:normal:B-batch-5-041,benign,hard_negative,power_tools_at_night,,,10,confirmed,10,confirmed,10,confirmed,75,confirmed,10,confirmed,10,confirmed,10,confirmed,0,confirmed,20,confirmed,45,confirmed,35,confirmed,20,confirmed,30,confirmed,0,rejected,10,confirmed
generated:normal:B-batch-5-042,benign,hard_negative,winter_face_covering,,,0,confirmed,0,confirmed,0,confirmed,5,confirmed,0,confirmed,0,confirmed,0,confirmed,0,confirmed,0,confirmed,0,confirmed,5,confirmed,0,confirmed,0,confirmed,0,rejected,0,confirmed
generated:normal:B-batch-5-043,benign,hard_negative,flashlight_neighbor,,,10,confirmed,10,confirmed,10,confirmed,10,confirmed,10,confirmed,0,confirmed,5,confirmed,10,confirmed,0,confirmed,10,confirmed,15,confirmed,35,confirmed,10,confirmed,0,rejected,10,confirmed
generated:normal:B-batch-5-044,benign,hard_negative,landscaper_machete,,,0,confirmed,0,confirmed,0,confirmed,0,confirmed,10,confirmed,10,confirmed,10,confirmed,0,confirmed,0,confirmed,40,confirmed,5,confirmed,5,confirmed,10,confirmed,0,confirmed,10,confirmed
generated:normal:B-batch-5-045,benign,hard_negative,hooded_jogger,,,0,confirmed,0,confirmed,0,confirmed,0,confirmed,0,confirmed,10,confirmed,0,confirmed,0,confirmed,0,confirmed,0,confirmed,5,confirmed,10,confirmed,0,confirmed,0,rejected,10,confirmed
generated:normal:B-batch-5-046,benign,hard_negative,power_tools_at_night,,,0,confirmed,0,confirmed,0,confirmed,0,confirmed,10,confirmed,0,confirmed,0,confirmed,0,confirmed,0,confirmed,10,confirmed,5,confirmed,0,confirmed,20,confirmed,15,confirmed,10,confirmed
generated:normal:B-batch-5-047,benign,hard_negative,winter_face_covering,,,10,confirmed,10,confirmed,10,confirmed,10,confirmed,0,confirmed,0,confirmed,0,confirmed,0,confirmed,10,confirmed,0,confirmed,5,confirmed,10,confirmed,,verification_failed,0,confirmed,0,confirmed
generated:normal:B-batch-5-048,benign,hard_negative,flashlight_neighbor,,,10,confirmed,10,confirmed,10,confirmed,10,confirmed,20,confirmed,10,confirmed,20,confirmed,10,confirmed,10,confirmed,40,confirmed,15,confirmed,20,confirmed,20,confirmed,0,rejected,10,confirmed
generated:normal:B-batch-5-049,benign,hard_negative,landscaper_machete,,,0,rejected,0,rejected,0,rejected,0,confirmed,0,confirmed,10,confirmed,10,confirmed,0,confirmed,5,confirmed,40,confirmed,10,confirmed,5,confirmed,10,confirmed,0,confirmed,10,confirmed
generated:normal:B-batch-5-050,benign,hard_negative,hooded_jogger,,,45,confirmed,45,confirmed,45,confirmed,45,confirmed,10,confirmed,10,confirmed,10,confirmed,10,confirmed,30,confirmed,30,confirmed,55,confirmed,45,confirmed,10,confirmed,0,rejected,20,confirmed
generated:normal:B-batch-5-051,benign,hard_negative,power_tools_at_night,,,0,confirmed,0,confirmed,0,confirmed,0,confirmed,10,confirmed,0,confirmed,0,confirmed,0,confirmed,0,confirmed,10,confirmed,5,confirmed,0,confirmed,10,confirmed,0,rejected,10,confirmed
generated:normal:B-batch-5-052,benign,hard_negative,winter_face_covering,,,10,confirmed,10,confirmed,10,confirmed,5,confirmed,10,confirmed,10,confirmed,10,confirmed,0,confirmed,0,confirmed,0,confirmed,15,confirmed,10,confirmed,10,confirmed,0,uncertain,10,confirmed
generated:normal:B-batch-5-053,benign,hard_negative,flashlight_neighbor,,,0,confirmed,0,confirmed,0,confirmed,5,confirmed,10,confirmed,10,confirmed,10,confirmed,10,confirmed,10,confirmed,10,confirmed,10,confirmed,10,confirmed,10,confirmed,0,rejected,10,confirmed
generated:normal:B-batch-5-054,benign,hard_negative,landscaper_machete,,,0,uncertain,0,uncertain,0,uncertain,0,confirmed,10,confirmed,0,confirmed,0,confirmed,0,confirmed,0,rejected,10,uncertain,10,confirmed,10,confirmed,10,confirmed,0,rejected,10,rejected
generated:normal:B-batch-5-055,benign,hard_negative,hooded_jogger,,,10,confirmed,10,confirmed,10,confirmed,10,confirmed,10,confirmed,10,confirmed,10,confirmed,5,confirmed,10,confirmed,10,confirmed,5,confirmed,10,confirmed,10,confirmed,0,rejected,20,confirmed
generated:normal:B-batch-5-056,benign,hard_negative,power_tools_at_night,,,10,confirmed,10,confirmed,10,confirmed,10,confirmed,10,confirmed,60,confirmed,20,confirmed,0,confirmed,10,confirmed,40,confirmed,35,confirmed,20,confirmed,,verification_failed,0,uncertain,40,confirmed
generated:normal:B-batch-5-057,benign,hard_negative,winter_face_covering,,,5,confirmed,5,confirmed,5,confirmed,5,confirmed,0,confirmed,0,confirmed,0,confirmed,0,confirmed,5,confirmed,0,confirmed,10,confirmed,0,confirmed,10,confirmed,0,rejected,0,confirmed
generated:normal:B-batch-5-058,benign,hard_negative,flashlight_neighbor,,,10,confirmed,10,confirmed,10,confirmed,10,confirmed,10,confirmed,10,confirmed,10,confirmed,10,confirmed,10,confirmed,0,confirmed,20,confirmed,20,confirmed,10,confirmed,0,rejected,10,confirmed
generated:normal:B-batch-5-059,benign,hard_negative,landscaper_machete,,,0,uncertain,0,uncertain,0,uncertain,10,confirmed,10,confirmed,10,confirmed,10,confirmed,10,confirmed,10,confirmed,40,uncertain,10,confirmed,20,confirmed,0,confirmed,0,rejected,10,confirmed
generated:normal:B-batch-5-060,benign,hard_negative,hooded_jogger,,,10,confirmed,10,confirmed,10,confirmed,10,confirmed,10,confirmed,10,confirmed,10,confirmed,0,confirmed,0,confirmed,10,confirmed,10,confirmed,15,confirmed,10,confirmed,0,rejected,20,confirmed
generated:normal:B-batch-5-061,benign,hard_negative,power_tools_at_night,,,60,confirmed,60,confirmed,60,confirmed,30,confirmed,10,confirmed,0,confirmed,0,confirmed,10,confirmed,30,confirmed,40,confirmed,25,confirmed,35,confirmed,70,confirmed,0,rejected,75,confirmed
generated:normal:B-batch-5-062,benign,hard_negative,winter_face_covering,,,10,confirmed,10,confirmed,10,confirmed,10,confirmed,10,confirmed,10,confirmed,10,confirmed,10,confirmed,10,confirmed,40,confirmed,20,confirmed,35,confirmed,20,confirmed,0,uncertain,20,confirmed
generated:normal:B-batch-5-063,benign,hard_negative,flashlight_neighbor,,,10,confirmed,10,confirmed,10,confirmed,5,confirmed,10,confirmed,10,confirmed,10,confirmed,0,confirmed,0,confirmed,0,confirmed,10,confirmed,10,confirmed,10,confirmed,0,rejected,10,confirmed
generated:normal:B-batch-5-064,benign,hard_negative,landscaper_machete,,,10,confirmed,10,confirmed,10,confirmed,10,confirmed,10,confirmed,10,confirmed,10,confirmed,10,confirmed,5,confirmed,40,confirmed,10,confirmed,10,confirmed,10,confirmed,0,uncertain,20,confirmed
generated:normal:B-batch-5-065,benign,hard_negative,hooded_jogger,,,10,confirmed,10,confirmed,10,confirmed,10,confirmed,10,confirmed,10,confirmed,0,confirmed,0,confirmed,0,confirmed,0,confirmed,5,confirmed,5,confirmed,10,confirmed,0,uncertain,10,confirmed
generated:normal:B-batch-5-066,benign,hard_negative,power_tools_at_night,,,0,confirmed,0,confirmed,0,confirmed,0,confirmed,10,confirmed,0,confirmed,0,confirmed,0,confirmed,0,confirmed,10,confirmed,10,confirmed,5,confirmed,10,confirmed,0,rejected,10,confirmed
generated:normal:B-batch-5-067,benign,hard_negative,winter_face_covering,,,0,confirmed,0,confirmed,0,confirmed,10,confirmed,0,confirmed,0,confirmed,0,confirmed,0,confirmed,0,confirmed,0,confirmed,0,confirmed,10,confirmed,,verification_failed,0,confirmed,0,confirmed
generated:normal:B-batch-5-068,benign,hard_negative,flashlight_neighbor,,,10,confirmed,10,confirmed,10,confirmed,10,confirmed,10,confirmed,10,confirmed,0,confirmed,0,confirmed,10,confirmed,0,confirmed,10,confirmed,15,confirmed,10,confirmed,0,confirmed,10,confirmed
generated:normal:B-batch-5-069,benign,hard_negative,landscaper_machete,,,10,confirmed,10,confirmed,10,confirmed,0,uncertain,10,confirmed,10,confirmed,10,confirmed,10,confirmed,10,confirmed,40,confirmed,5,confirmed,10,confirmed,10,confirmed,0,confirmed,30,confirmed
generated:normal:B-batch-5-070,benign,hard_negative,hooded_jogger,,,10,confirmed,10,confirmed,10,confirmed,0,confirmed,10,confirmed,10,confirmed,10,confirmed,0,confirmed,20,confirmed,10,confirmed,35,confirmed,35,confirmed,10,confirmed,0,rejected,10,confirmed
generated:normal:B-batch-5-071,benign,hard_negative,power_tools_at_night,,,0,confirmed,0,confirmed,0,confirmed,0,confirmed,0,confirmed,0,confirmed,10,confirmed,0,confirmed,0,confirmed,10,confirmed,0,confirmed,5,confirmed,10,confirmed,0,confirmed,10,confirmed
generated:normal:B-batch-5-072,benign,hard_negative,winter_face_covering,,,0,confirmed,0,confirmed,0,confirmed,10,confirmed,10,confirmed,10,confirmed,5,confirmed,0,confirmed,0,confirmed,0,confirmed,15,confirmed,10,confirmed,,verification_failed,0,confirmed,10,confirmed
generated:normal:B-batch-5-073,benign,hard_negative,flashlight_neighbor,,,45,confirmed,45,confirmed,45,confirmed,10,confirmed,10,confirmed,10,confirmed,10,confirmed,0,confirmed,10,confirmed,10,confirmed,15,confirmed,15,confirmed,10,confirmed,0,uncertain,10,confirmed
generated:normal:B-batch-5-074,benign,hard_negative,landscaper_machete,,,10,confirmed,10,confirmed,10,confirmed,10,confirmed,10,confirmed,10,confirmed,0,confirmed,0,confirmed,0,rejected,20,confirmed,10,confirmed,10,confirmed,10,confirmed,0,rejected,20,confirmed
generated:normal:B-batch-5-075,benign,hard_negative,hooded_jogger,,,0,confirmed,0,confirmed,0,confirmed,0,confirmed,10,confirmed,0,confirmed,0,confirmed,0,confirmed,0,confirmed,0,confirmed,5,confirmed,10,confirmed,10,confirmed,0,rejected,10,confirmed
generated:normal:B-batch-5-076,benign,hard_negative,power_tools_at_night,,,0,confirmed,0,confirmed,0,confirmed,0,confirmed,10,confirmed,10,confirmed,10,confirmed,10,confirmed,5,confirmed,0,confirmed,10,confirmed,10,confirmed,10,confirmed,0,rejected,10,confirmed
generated:normal:B-batch-5-077,benign,hard_negative,winter_face_covering,,,0,confirmed,0,confirmed,0,confirmed,0,confirmed,0,confirmed,0,confirmed,0,confirmed,0,confirmed,0,confirmed,0,confirmed,5,confirmed,5,confirmed,10,confirmed,0,rejected,0,confirmed
generated:normal:B-batch-5-078,benign,hard_negative,flashlight_neighbor,,,10,confirmed,10,confirmed,10,confirmed,10,confirmed,10,confirmed,10,confirmed,10,confirmed,10,confirmed,10,confirmed,10,confirmed,20,confirmed,20,confirmed,10,confirmed,0,uncertain,20,confirmed
generated:normal:B-batch-5-079,benign,hard_negative,landscaper_machete,,,0,rejected,0,rejected,0,rejected,20,confirmed,10,confirmed,0,confirmed,10,confirmed,0,uncertain,0,rejected,10,uncertain,10,confirmed,5,confirmed,10,confirmed,0,rejected,20,confirmed
generated:normal:B-batch-5-080,benign,hard_negative,hooded_jogger,,,75,confirmed,75,confirmed,75,confirmed,75,confirmed,20,confirmed,10,confirmed,10,confirmed,20,confirmed,45,confirmed,10,confirmed,35,confirmed,85,confirmed,75,confirmed,15,uncertain,10,confirmed
generated:normal:B-batch-5-081,benign,hard_negative,power_tools_at_night,,,0,confirmed,0,confirmed,0,confirmed,0,confirmed,0,confirmed,10,confirmed,0,confirmed,0,confirmed,5,confirmed,10,confirmed,5,confirmed,5,confirmed,10,confirmed,15,confirmed,0,confirmed
generated:normal:B-batch-5-082,benign,hard_negative,winter_face_covering,,,5,confirmed,5,confirmed,5,confirmed,5,confirmed,10,confirmed,0,confirmed,5,confirmed,0,confirmed,0,confirmed,0,confirmed,10,confirmed,10,confirmed,10,confirmed,0,rejected,10,confirmed
generated:normal:B-batch-5-083,benign,hard_negative,flashlight_neighbor,,,10,confirmed,10,confirmed,10,confirmed,0,confirmed,10,confirmed,0,confirmed,10,confirmed,10,confirmed,0,confirmed,10,confirmed,10,confirmed,10,confirmed,10,confirmed,0,rejected,10,confirmed
generated:normal:B-batch-5-084,benign,hard_negative,landscaper_machete,,,10,confirmed,10,confirmed,10,confirmed,10,confirmed,10,confirmed,10,confirmed,10,confirmed,0,confirmed,0,confirmed,40,confirmed,10,confirmed,15,confirmed,10,confirmed,45,confirmed,20,confirmed
generated:normal:B-batch-5-085,benign,hard_negative,hooded_jogger,,,10,confirmed,10,confirmed,10,confirmed,10,confirmed,10,confirmed,10,confirmed,10,confirmed,0,confirmed,0,confirmed,10,confirmed,5,confirmed,10,confirmed,10,confirmed,0,rejected,10,confirmed
generated:normal:B-batch-5-086,benign,hard_negative,power_tools_at_night,,,75,confirmed,75,confirmed,75,confirmed,75,confirmed,10,confirmed,0,confirmed,0,confirmed,0,confirmed,30,confirmed,40,confirmed,15,confirmed,45,confirmed,10,confirmed,0,rejected,20,confirmed
generated:normal:B-batch-5-087,benign,hard_negative,winter_face_covering,,,0,confirmed,0,confirmed,0,confirmed,0,confirmed,0,confirmed,0,confirmed,0,confirmed,0,confirmed,0,confirmed,0,confirmed,0,confirmed,5,confirmed,0,confirmed,0,uncertain,10,confirmed
generated:normal:B-batch-5-088,benign,hard_negative,flashlight_neighbor,,,45,confirmed,45,confirmed,45,confirmed,10,confirmed,20,confirmed,10,confirmed,10,confirmed,10,confirmed,10,confirmed,10,confirmed,20,confirmed,20,confirmed,20,confirmed,15,confirmed,10,confirmed
generated:normal:B-batch-5-089,benign,hard_negative,landscaper_machete,,,0,confirmed,0,confirmed,0,confirmed,0,rejected,10,confirmed,10,rejected,10,rejected,0,uncertain,0,rejected,10,rejected,5,confirmed,5,confirmed,10,confirmed,0,confirmed,20,confirmed
generated:normal:B-batch-5-090,benign,hard_negative,hooded_jogger,,,45,confirmed,45,confirmed,45,confirmed,65,confirmed,30,confirmed,20,confirmed,10,confirmed,10,confirmed,30,confirmed,45,confirmed,65,confirmed,85,confirmed,20,confirmed,0,uncertain,45,confirmed
generated:normal:B-batch-5-091,benign,hard_negative,power_tools_at_night,,,20,confirmed,20,confirmed,20,confirmed,30,confirmed,10,confirmed,0,confirmed,0,confirmed,0,confirmed,30,confirmed,65,confirmed,0,confirmed,10,confirmed,10,confirmed,0,rejected,10,confirmed
generated:normal:B-batch-5-092,benign,hard_negative,winter_face_covering,,,0,confirmed,0,confirmed,0,confirmed,0,confirmed,0,confirmed,10,confirmed,0,confirmed,0,confirmed,0,confirmed,10,confirmed,0,confirmed,10,confirmed,10,confirmed,10,confirmed,0,confirmed
generated:normal:B-batch-5-093,benign,hard_negative,flashlight_neighbor,,,10,confirmed,10,confirmed,10,confirmed,10,confirmed,20,confirmed,20,confirmed,10,confirmed,30,confirmed,10,confirmed,10,confirmed,20,confirmed,15,confirmed,20,confirmed,0,uncertain,10,confirmed
generated:normal:B-batch-5-094,benign,hard_negative,landscaper_machete,,,0,confirmed,0,confirmed,0,confirmed,10,confirmed,10,confirmed,0,confirmed,10,confirmed,10,uncertain,10,rejected,20,uncertain,15,confirmed,10,confirmed,10,confirmed,0,rejected,20,confirmed
generated:normal:B-batch-5-095,benign,hard_negative,hooded_jogger,,,10,confirmed,10,confirmed,10,confirmed,10,confirmed,10,confirmed,10,confirmed,10,confirmed,0,confirmed,0,confirmed,0,confirmed,10,confirmed,10,confirmed,10,confirmed,0,uncertain,10,confirmed
generated:normal:B-batch-5-096,benign,hard_negative,power_tools_at_night,,,10,confirmed,10,confirmed,10,confirmed,10,confirmed,10,confirmed,10,confirmed,10,confirmed,0,confirmed,10,confirmed,10,confirmed,5,confirmed,5,confirmed,10,confirmed,0,confirmed,10,confirmed
generated:normal:B-batch-5-097,benign,hard_negative,winter_face_covering,,,5,confirmed,5,confirmed,5,confirmed,0,confirmed,10,confirmed,10,confirmed,10,confirmed,0,confirmed,10,confirmed,65,confirmed,35,confirmed,45,confirmed,,verification_failed,0,uncertain,20,confirmed
generated:normal:B-batch-5-098,benign,hard_negative,flashlight_neighbor,,,10,confirmed,10,confirmed,10,confirmed,5,confirmed,20,confirmed,10,confirmed,10,confirmed,10,confirmed,10,confirmed,10,confirmed,15,confirmed,10,confirmed,10,confirmed,0,uncertain,10,confirmed
generated:normal:B-batch-5-099,benign,hard_negative,landscaper_machete,,,10,confirmed,10,confirmed,10,confirmed,0,rejected,10,confirmed,10,confirmed,10,confirmed,0,confirmed,10,rejected,20,confirmed,10,confirmed,10,confirmed,10,rejected,15,confirmed,10,confirmed
generated:normal:B-pilot-1-007,benign,benign,delivery_driver,,,0,confirmed,0,confirmed,0,confirmed,5,confirmed,0,confirmed,0,confirmed,10,confirmed,0,confirmed,0,confirmed,0,confirmed,0,confirmed,10,confirmed,10,confirmed,0,confirmed,10,confirmed
generated:normal:B-pilot-1-008,benign,benign,resident_arrival,,,0,confirmed,0,confirmed,0,confirmed,5,confirmed,0,confirmed,0,confirmed,10,confirmed,0,confirmed,5,confirmed,0,confirmed,10,confirmed,10,confirmed,10,confirmed,0,confirmed,10,confirmed
generated:normal:B-pilot-1-009,benign,benign,yard_maintenance,,,0,confirmed,0,confirmed,0,confirmed,0,confirmed,0,confirmed,10,confirmed,0,confirmed,0,confirmed,0,confirmed,10,confirmed,5,confirmed,0,confirmed,10,confirmed,0,confirmed,10,confirmed
generated:suspicious:B-batch-1-010,incident,suspicious,loitering,A_stranger_intent,30,10,confirmed,10,confirmed,10,confirmed,10,confirmed,10,confirmed,10,confirmed,10,confirmed,0,confirmed,10,confirmed,0,confirmed,20,confirmed,20,confirmed,10,confirmed,0,uncertain,10,confirmed
generated:suspicious:B-batch-1-011,incident,suspicious,peering_into_windows,A_stranger_intent,60,0,confirmed,0,confirmed,0,confirmed,5,confirmed,10,confirmed,10,confirmed,10,confirmed,65,confirmed,0,confirmed,65,confirmed,45,confirmed,30,confirmed,10,confirmed,0,uncertain,30,confirmed
generated:suspicious:B-batch-1-012,incident,suspicious,trying_car_doors,A_stranger_intent,60,0,confirmed,0,confirmed,0,confirmed,10,confirmed,10,confirmed,10,confirmed,10,confirmed,0,confirmed,10,confirmed,60,confirmed,10,confirmed,20,confirmed,10,confirmed,15,confirmed,10,confirmed
generated:suspicious:B-batch-1-013,incident,suspicious,casing_with_phone,A_stranger_intent,30,0,confirmed,0,confirmed,0,confirmed,0,confirmed,0,confirmed,0,confirmed,0,confirmed,0,confirmed,0,confirmed,0,confirmed,0,confirmed,0,confirmed,10,confirmed,0,uncertain,0,confirmed
generated:suspicious:B-batch-1-014,incident,suspicious,tailgating,A_stranger_intent,60,0,confirmed,0,confirmed,0,confirmed,10,confirmed,10,confirmed,10,confirmed,10,confirmed,0,confirmed,10,confirmed,10,confirmed,20,confirmed,25,confirmed,10,confirmed,0,uncertain,10,confirmed
generated:suspicious:B-batch-1-049,incident,suspicious,loitering,A_stranger_intent,30,5,confirmed,5,confirmed,5,confirmed,0,confirmed,0,confirmed,0,confirmed,0,confirmed,0,confirmed,0,confirmed,0,confirmed,5,confirmed,5,confirmed,0,confirmed,0,uncertain,10,confirmed
generated:suspicious:B-batch-2-000,incident,suspicious,peering_into_windows,A_stranger_intent,60,10,confirmed,10,confirmed,10,confirmed,5,confirmed,15,confirmed,10,confirmed,10,confirmed,10,confirmed,20,confirmed,10,confirmed,45,confirmed,35,confirmed,75,confirmed,0,rejected,10,confirmed
generated:suspicious:B-batch-2-001,incident,suspicious,trying_car_doors,A_stranger_intent,60,0,confirmed,0,confirmed,0,confirmed,0,confirmed,10,confirmed,10,confirmed,10,confirmed,0,confirmed,0,confirmed,10,confirmed,5,confirmed,5,confirmed,10,confirmed,0,uncertain,10,confirmed
generated:suspicious:B-batch-2-002,incident,suspicious,casing_with_phone,A_stranger_intent,30,10,confirmed,10,confirmed,10,confirmed,5,confirmed,10,confirmed,0,confirmed,10,confirmed,0,confirmed,5,confirmed,0,confirmed,5,confirmed,10,confirmed,10,confirmed,0,confirmed,10,confirmed
generated:suspicious:B-batch-2-003,incident,suspicious,tailgating,A_stranger_intent,60,0,confirmed,0,confirmed,0,confirmed,0,confirmed,0,confirmed,0,confirmed,0,confirmed,0,confirmed,0,confirmed,10,confirmed,10,confirmed,10,confirmed,10,confirmed,0,confirmed,10,confirmed
generated:suspicious:B-batch-2-038,incident,suspicious,loitering,A_stranger_intent,30,10,confirmed,10,confirmed,10,confirmed,5,confirmed,10,confirmed,10,confirmed,10,confirmed,0,confirmed,0,confirmed,10,confirmed,10,confirmed,20,confirmed,10,confirmed,0,uncertain,20,confirmed
generated:suspicious:B-batch-2-039,incident,suspicious,peering_into_windows,A_stranger_intent,60,0,confirmed,0,confirmed,0,confirmed,0,confirmed,0,confirmed,10,confirmed,0,confirmed,0,confirmed,0,confirmed,10,confirmed,15,confirmed,5,confirmed,10,confirmed,10,confirmed,10,confirmed
generated:suspicious:B-batch-2-040,incident,suspicious,trying_car_doors,A_stranger_intent,60,0,confirmed,0,confirmed,0,confirmed,10,confirmed,10,confirmed,10,confirmed,20,confirmed,0,confirmed,0,confirmed,10,confirmed,10,confirmed,10,confirmed,10,confirmed,0,confirmed,10,confirmed
generated:suspicious:B-batch-2-041,incident,suspicious,casing_with_phone,A_stranger_intent,30,0,confirmed,0,confirmed,0,confirmed,0,confirmed,0,confirmed,10,confirmed,0,confirmed,0,confirmed,0,confirmed,0,confirmed,5,confirmed,5,confirmed,0,confirmed,0,uncertain,0,confirmed
generated:suspicious:B-batch-2-042,incident,suspicious,tailgating,A_stranger_intent,60,0,confirmed,0,confirmed,0,confirmed,5,confirmed,0,confirmed,0,confirmed,0,confirmed,0,confirmed,0,confirmed,0,confirmed,0,confirmed,5,confirmed,0,confirmed,0,uncertain,10,confirmed
generated:suspicious:B-batch-2-077,incident,suspicious,loitering,A_stranger_intent,30,10,confirmed,10,confirmed,10,confirmed,0,confirmed,0,confirmed,0,confirmed,0,confirmed,0,confirmed,0,confirmed,0,confirmed,10,confirmed,10,confirmed,10,confirmed,0,confirmed,10,confirmed
generated:suspicious:B-batch-2-078,incident,suspicious,peering_into_windows,A_stranger_intent,60,10,confirmed,10,confirmed,10,confirmed,5,confirmed,10,confirmed,10,confirmed,10,confirmed,45,confirmed,10,confirmed,85,confirmed,45,confirmed,45,confirmed,10,confirmed,0,uncertain,70,confirmed
generated:suspicious:B-batch-2-079,incident,suspicious,trying_car_doors,A_stranger_intent,60,0,confirmed,0,confirmed,0,confirmed,0,confirmed,10,confirmed,10,confirmed,5,confirmed,0,confirmed,10,confirmed,0,confirmed,10,confirmed,85,confirmed,10,confirmed,0,rejected,20,confirmed
generated:suspicious:B-batch-2-080,incident,suspicious,casing_with_phone,A_stranger_intent,30,0,confirmed,0,confirmed,0,confirmed,0,confirmed,0,confirmed,0,confirmed,0,confirmed,0,confirmed,0,confirmed,0,confirmed,0,confirmed,5,confirmed,10,confirmed,0,confirmed,0,confirmed
generated:suspicious:B-batch-2-081,incident,suspicious,tailgating,A_stranger_intent,60,10,uncertain,10,uncertain,10,uncertain,10,confirmed,10,confirmed,10,confirmed,0,confirmed,0,uncertain,0,confirmed,0,uncertain,10,confirmed,20,confirmed,10,confirmed,0,uncertain,10,confirmed
generated:suspicious:B-batch-3-016,incident,suspicious,loitering,A_stranger_intent,30,0,confirmed,0,confirmed,0,confirmed,0,confirmed,0,confirmed,10,confirmed,10,confirmed,0,confirmed,0,confirmed,0,confirmed,10,confirmed,10,confirmed,0,confirmed,0,rejected,10,confirmed
generated:suspicious:B-batch-3-017,incident,suspicious,peering_into_windows,A_stranger_intent,60,0,confirmed,0,confirmed,0,confirmed,0,confirmed,0,confirmed,10,confirmed,0,confirmed,0,confirmed,0,confirmed,0,confirmed,5,confirmed,5,confirmed,10,confirmed,0,uncertain,0,confirmed
generated:suspicious:B-batch-3-018,incident,suspicious,trying_car_doors,A_stranger_intent,60,10,confirmed,10,confirmed,10,confirmed,5,confirmed,40,confirmed,0,confirmed,50,confirmed,10,confirmed,65,confirmed,85,confirmed,45,confirmed,85,confirmed,20,confirmed,0,rejected,20,confirmed
generated:suspicious:B-batch-3-019,incident,suspicious,casing_with_phone,A_stranger_intent,30,5,confirmed,5,confirmed,5,confirmed,10,confirmed,10,confirmed,10,confirmed,10,confirmed,10,confirmed,10,confirmed,10,confirmed,20,confirmed,45,confirmed,10,confirmed,0,confirmed,10,confirmed
generated:suspicious:B-batch-3-020,incident,suspicious,tailgating,A_stranger_intent,60,10,uncertain,10,uncertain,10,uncertain,5,confirmed,10,confirmed,5,confirmed,0,confirmed,0,uncertain,0,confirmed,0,confirmed,5,confirmed,10,confirmed,10,confirmed,0,rejected,10,confirmed
generated:suspicious:B-batch-3-055,incident,suspicious,loitering,A_stranger_intent,30,0,confirmed,0,confirmed,0,confirmed,0,confirmed,0,confirmed,10,confirmed,10,confirmed,0,confirmed,0,confirmed,0,confirmed,5,confirmed,10,confirmed,0,confirmed,0,rejected,10,confirmed
generated:suspicious:B-batch-3-056,incident,suspicious,peering_into_windows,A_stranger_intent,60,5,confirmed,5,confirmed,5,confirmed,5,confirmed,0,confirmed,10,confirmed,10,confirmed,0,confirmed,0,confirmed,10,confirmed,10,confirmed,0,confirmed,10,confirmed,0,confirmed,20,confirmed
generated:suspicious:B-batch-3-057,incident,suspicious,trying_car_doors,A_stranger_intent,60,10,confirmed,10,confirmed,10,confirmed,0,confirmed,10,confirmed,10,confirmed,10,confirmed,0,confirmed,0,confirmed,75,confirmed,5,confirmed,5,confirmed,10,confirmed,0,uncertain,10,confirmed
generated:suspicious:B-batch-3-058,incident,suspicious,casing_with_phone,A_stranger_intent,30,0,confirmed,0,confirmed,0,confirmed,10,confirmed,10,confirmed,10,confirmed,0,confirmed,0,confirmed,0,confirmed,0,confirmed,10,confirmed,10,confirmed,10,confirmed,0,rejected,10,confirmed
generated:suspicious:B-batch-3-059,incident,suspicious,tailgating,A_stranger_intent,60,10,confirmed,10,confirmed,10,confirmed,10,confirmed,75,confirmed,85,confirmed,85,confirmed,0,confirmed,15,confirmed,30,confirmed,85,confirmed,35,confirmed,10,confirmed,85,confirmed,10,confirmed
generated:suspicious:B-batch-3-094,incident,suspicious,loitering,A_stranger_intent,30,0,confirmed,0,confirmed,0,confirmed,0,confirmed,0,confirmed,10,confirmed,10,confirmed,0,confirmed,0,confirmed,0,confirmed,10,confirmed,10,confirmed,0,confirmed,0,uncertain,10,confirmed
generated:suspicious:B-batch-3-095,incident,suspicious,peering_into_windows,A_stranger_intent,60,10,confirmed,10,confirmed,10,confirmed,10,confirmed,10,confirmed,10,confirmed,10,confirmed,75,confirmed,20,confirmed,65,confirmed,45,confirmed,45,confirmed,75,confirmed,0,rejected,10,confirmed
generated:suspicious:B-batch-3-096,incident,suspicious,trying_car_doors,A_stranger_intent,60,0,confirmed,0,confirmed,0,confirmed,5,confirmed,10,confirmed,10,confirmed,75,confirmed,10,confirmed,20,confirmed,85,confirmed,10,confirmed,10,confirmed,10,confirmed,10,uncertain,0,confirmed
generated:suspicious:B-batch-3-097,incident,suspicious,casing_with_phone,A_stranger_intent,30,5,confirmed,5,confirmed,5,confirmed,0,confirmed,10,confirmed,10,confirmed,10,confirmed,0,confirmed,10,confirmed,10,confirmed,10,confirmed,10,confirmed,10,confirmed,0,rejected,10,confirmed
generated:suspicious:B-batch-3-098,incident,suspicious,tailgating,A_stranger_intent,60,10,confirmed,10,confirmed,10,confirmed,0,confirmed,10,confirmed,10,confirmed,10,confirmed,0,confirmed,0,confirmed,0,confirmed,20,confirmed,20,confirmed,10,confirmed,0,uncertain,10,confirmed
generated:suspicious:B-batch-4-033,incident,suspicious,loitering,A_stranger_intent,30,10,confirmed,10,confirmed,10,confirmed,10,confirmed,15,confirmed,10,confirmed,10,confirmed,0,confirmed,10,confirmed,10,confirmed,20,confirmed,15,confirmed,10,confirmed,0,rejected,30,confirmed
generated:suspicious:B-batch-4-034,incident,suspicious,peering_into_windows,A_stranger_intent,60,10,confirmed,10,confirmed,10,confirmed,10,confirmed,10,confirmed,10,confirmed,10,confirmed,10,confirmed,20,confirmed,40,confirmed,20,confirmed,30,confirmed,30,confirmed,0,rejected,20,confirmed
generated:suspicious:B-batch-4-035,incident,suspicious,trying_car_doors,A_stranger_intent,60,0,confirmed,0,confirmed,0,confirmed,0,confirmed,10,confirmed,0,confirmed,10,confirmed,0,confirmed,0,confirmed,0,confirmed,10,confirmed,10,confirmed,0,confirmed,0,rejected,10,confirmed
generated:suspicious:B-batch-4-036,incident,suspicious,casing_with_phone,A_stranger_intent,30,10,confirmed,10,confirmed,10,confirmed,10,confirmed,20,confirmed,10,confirmed,10,confirmed,10,confirmed,10,confirmed,10,confirmed,15,confirmed,30,confirmed,20,confirmed,0,rejected,10,confirmed
generated:suspicious:B-batch-4-037,incident,suspicious,tailgating,A_stranger_intent,60,0,confirmed,0,confirmed,0,confirmed,0,confirmed,10,confirmed,10,confirmed,0,confirmed,0,confirmed,0,confirmed,0,confirmed,5,confirmed,0,confirmed,10,confirmed,0,confirmed,10,confirmed
generated:suspicious:B-batch-4-072,incident,suspicious,loitering,A_stranger_intent,30,0,confirmed,0,confirmed,0,confirmed,10,confirmed,0,confirmed,0,confirmed,0,confirmed,0,confirmed,0,confirmed,0,confirmed,10,confirmed,10,confirmed,10,confirmed,0,confirmed,10,confirmed
generated:suspicious:B-batch-4-073,incident,suspicious,peering_into_windows,A_stranger_intent,60,5,confirmed,5,confirmed,5,confirmed,10,confirmed,10,confirmed,10,confirmed,10,confirmed,10,confirmed,10,confirmed,40,confirmed,10,confirmed,35,confirmed,10,confirmed,0,uncertain,10,confirmed
generated:suspicious:B-batch-4-074,incident,suspicious,trying_car_doors,A_stranger_intent,60,0,confirmed,0,confirmed,0,confirmed,0,confirmed,10,confirmed,0,confirmed,0,confirmed,10,confirmed,0,confirmed,10,confirmed,5,confirmed,5,confirmed,10,confirmed,0,rejected,10,confirmed
generated:suspicious:B-batch-4-075,incident,suspicious,casing_with_phone,A_stranger_intent,30,0,confirmed,0,confirmed,0,confirmed,0,confirmed,10,confirmed,10,confirmed,10,confirmed,0,confirmed,10,confirmed,10,confirmed,25,confirmed,35,confirmed,10,confirmed,0,uncertain,20,confirmed
generated:suspicious:B-batch-4-076,incident,suspicious,tailgating,A_stranger_intent,60,0,confirmed,0,confirmed,0,confirmed,0,confirmed,0,confirmed,0,confirmed,0,confirmed,0,confirmed,0,confirmed,0,confirmed,0,confirmed,5,confirmed,0,confirmed,0,confirmed,10,confirmed
generated:threats:B-batch-1-015,incident,threat,firearm_visible,C_object_cued,85,85,confirmed,85,confirmed,85,confirmed,75,confirmed,85,confirmed,40,confirmed,20,confirmed,95,confirmed,20,confirmed,95,confirmed,45,confirmed,20,confirmed,60,confirmed,95,confirmed,80,confirmed
generated:threats:B-batch-1-016,incident,threat,knife_visible,C_object_cued,85,95,confirmed,95,confirmed,95,confirmed,95,confirmed,85,confirmed,85,confirmed,95,confirmed,95,confirmed,95,confirmed,95,confirmed,95,confirmed,95,confirmed,95,confirmed,95,confirmed,85,confirmed
generated:threats:B-batch-1-017,incident,threat,blunt_weapon,B_context_risk,85,85,confirmed,85,confirmed,85,confirmed,85,confirmed,45,confirmed,40,confirmed,20,confirmed,45,confirmed,65,confirmed,85,confirmed,55,confirmed,35,confirmed,85,confirmed,85,confirmed,40,confirmed
generated:threats:B-batch-1-018,incident,threat,forced_entry,C_object_cued,85,10,confirmed,10,confirmed,10,confirmed,0,uncertain,10,uncertain,85,confirmed,85,confirmed,95,confirmed,95,confirmed,95,confirmed,10,rejected,95,confirmed,95,confirmed,95,confirmed,85,confirmed
generated:threats:B-batch-1-019,incident,threat,package_theft,A_stranger_intent,60,0,confirmed,0,confirmed,0,confirmed,0,confirmed,0,confirmed,0,confirmed,10,confirmed,0,confirmed,10,confirmed,0,confirmed,0,confirmed,5,confirmed,10,confirmed,0,rejected,10,confirmed
generated:threats:B-batch-1-020,incident,threat,car_break_in,B_context_risk,60,95,confirmed,95,confirmed,95,confirmed,85,confirmed,75,confirmed,85,confirmed,85,confirmed,95,confirmed,85,confirmed,95,confirmed,95,confirmed,95,confirmed,95,confirmed,85,uncertain,85,confirmed
generated:threats:B-batch-1-021,incident,threat,catalytic_converter_theft,B_context_risk,60,0,confirmed,0,confirmed,0,confirmed,0,confirmed,0,confirmed,0,confirmed,0,confirmed,0,confirmed,0,confirmed,40,confirmed,10,confirmed,15,rejected,20,confirmed,0,confirmed,0,confirmed
generated:threats:B-batch-1-022,incident,threat,masked_intruder_night,C_object_cued,85,75,confirmed,75,confirmed,75,confirmed,85,confirmed,75,confirmed,85,confirmed,95,confirmed,85,confirmed,85,rejected,65,rejected,90,confirmed,95,confirmed,95,confirmed,95,confirmed,40,rejected
generated:threats:B-batch-1-023,incident,threat,fence_climbing,B_context_risk,60,85,confirmed,85,confirmed,85,confirmed,75,confirmed,85,confirmed,85,confirmed,90,confirmed,85,confirmed,95,confirmed,95,confirmed,85,confirmed,85,confirmed,85,confirmed,85,confirmed,50,confirmed
generated:threats:B-batch-1-024,incident,threat,pool_trespass,B_context_risk,60,10,confirmed,10,confirmed,10,confirmed,10,confirmed,30,confirmed,50,confirmed,10,confirmed,10,confirmed,10,confirmed,40,confirmed,65,confirmed,85,confirmed,45,confirmed,10,confirmed,30,confirmed
generated:threats:B-batch-1-025,incident,threat,vandalism,B_context_risk,60,20,confirmed,20,confirmed,20,confirmed,75,confirmed,10,confirmed,10,confirmed,75,confirmed,40,confirmed,85,confirmed,20,confirmed,45,confirmed,85,confirmed,85,confirmed,0,rejected,85,confirmed
generated:threats:B-batch-1-026,incident,threat,person_down,B_context_risk,85,95,confirmed,95,confirmed,95,confirmed,95,confirmed,95,confirmed,85,confirmed,95,confirmed,90,confirmed,95,confirmed,100,confirmed,95,confirmed,95,confirmed,50,confirmed,95,uncertain,90,confirmed
generated:threats:B-batch-1-027,incident,threat,fire_or_smoke,C_object_cued,85,0,uncertain,0,uncertain,0,uncertain,0,confirmed,30,confirmed,20,confirmed,20,confirmed,85,confirmed,95,confirmed,95,confirmed,95,confirmed,95,confirmed,95,confirmed,85,confirmed,95,confirmed
generated:threats:B-batch-1-028,incident,threat,child_alone_at_pool,B_context_risk,85,10,confirmed,10,confirmed,10,confirmed,10,confirmed,15,confirmed,95,confirmed,95,confirmed,40,confirmed,85,confirmed,95,confirmed,85,confirmed,85,confirmed,60,confirmed,0,uncertain,85,confirmed
generated:threats:B-batch-1-029,incident,threat,firearm_visible,C_object_cued,85,95,confirmed,95,confirmed,95,confirmed,95,confirmed,95,confirmed,,verification_failed,85,confirmed,95,confirmed,95,confirmed,95,confirmed,65,confirmed,85,confirmed,95,confirmed,95,confirmed,80,confirmed
generated:threats:B-batch-1-030,incident,threat,knife_visible,C_object_cued,85,75,confirmed,75,confirmed,75,confirmed,55,confirmed,45,confirmed,20,confirmed,25,confirmed,95,confirmed,15,confirmed,75,confirmed,65,confirmed,65,confirmed,10,confirmed,85,uncertain,70,confirmed
generated:threats:B-batch-1-031,incident,threat,forced_entry,C_object_cued,85,95,confirmed,95,confirmed,95,confirmed,95,confirmed,85,confirmed,95,confirmed,95,confirmed,95,uncertain,95,confirmed,95,uncertain,95,confirmed,95,confirmed,95,confirmed,95,uncertain,95,confirmed
generated:threats:B-batch-1-032,incident,threat,package_theft,A_stranger_intent,60,5,confirmed,5,confirmed,5,confirmed,10,confirmed,10,confirmed,10,confirmed,10,confirmed,10,confirmed,10,confirmed,0,confirmed,10,confirmed,15,confirmed,10,confirmed,15,confirmed,20,confirmed
generated:threats:B-batch-1-033,incident,threat,masked_intruder_night,C_object_cued,85,95,confirmed,95,confirmed,95,confirmed,85,confirmed,85,confirmed,50,confirmed,85,confirmed,100,confirmed,95,confirmed,95,confirmed,95,confirmed,95,confirmed,95,confirmed,0,rejected,95,confirmed
generated:threats:B-batch-1-034,incident,threat,fire_or_smoke,C_object_cued,85,95,confirmed,95,confirmed,95,confirmed,95,confirmed,95,confirmed,95,confirmed,95,confirmed,100,confirmed,100,confirmed,100,confirmed,100,confirmed,100,confirmed,100,confirmed,98,confirmed,100,confirmed
generated:threats:B-batch-1-035,incident,threat,child_alone_at_pool,B_context_risk,85,0,confirmed,0,confirmed,0,confirmed,0,confirmed,10,confirmed,5,confirmed,10,confirmed,0,confirmed,0,confirmed,85,confirmed,85,confirmed,65,confirmed,75,confirmed,0,confirmed,10,confirmed
generated:threats:B-batch-2-004,incident,threat,firearm_visible,C_object_cued,85,95,confirmed,95,confirmed,95,confirmed,95,confirmed,85,confirmed,85,confirmed,75,confirmed,95,confirmed,95,confirmed,95,confirmed,95,confirmed,95,confirmed,85,confirmed,85,uncertain,90,confirmed
generated:threats:B-batch-2-005,incident,threat,knife_visible,C_object_cued,85,95,confirmed,95,confirmed,95,confirmed,95,confirmed,10,uncertain,50,confirmed,75,confirmed,0,rejected,0,rejected,75,uncertain,85,confirmed,85,confirmed,0,rejected,0,uncertain,60,confirmed
generated:threats:B-batch-2-006,incident,threat,blunt_weapon,B_context_risk,85,0,confirmed,0,confirmed,0,confirmed,5,confirmed,50,confirmed,10,confirmed,10,confirmed,0,confirmed,0,confirmed,20,confirmed,10,confirmed,5,confirmed,20,confirmed,0,uncertain,10,confirmed
generated:threats:B-batch-2-007,incident,threat,forced_entry,C_object_cued,85,95,confirmed,95,confirmed,95,confirmed,95,confirmed,20,confirmed,90,confirmed,95,confirmed,95,confirmed,95,confirmed,95,confirmed,95,confirmed,95,confirmed,95,confirmed,0,uncertain,90,confirmed
generated:threats:B-batch-2-008,incident,threat,package_theft,A_stranger_intent,60,0,confirmed,0,confirmed,0,confirmed,0,confirmed,0,confirmed,10,confirmed,0,confirmed,0,confirmed,0,confirmed,0,confirmed,10,confirmed,5,confirmed,20,confirmed,0,confirmed,10,confirmed
generated:threats:B-batch-2-009,incident,threat,car_break_in,B_context_risk,60,95,confirmed,95,confirmed,95,confirmed,95,confirmed,85,confirmed,95,confirmed,95,confirmed,95,confirmed,95,confirmed,95,confirmed,95,confirmed,85,confirmed,95,confirmed,95,confirmed,85,confirmed
generated:threats:B-batch-2-010,incident,threat,catalytic_converter_theft,B_context_risk,60,10,confirmed,10,confirmed,10,confirmed,0,confirmed,10,confirmed,90,confirmed,85,confirmed,95,confirmed,95,confirmed,95,confirmed,90,confirmed,85,confirmed,95,confirmed,95,confirmed,10,confirmed
generated:threats:B-batch-2-011,incident,threat,masked_intruder_night,C_object_cued,85,85,confirmed,85,confirmed,85,confirmed,85,confirmed,85,confirmed,75,confirmed,75,confirmed,85,confirmed,65,confirmed,95,uncertain,95,confirmed,95,confirmed,95,confirmed,85,confirmed,85,confirmed
generated:threats:B-batch-2-012,incident,threat,fence_climbing,B_context_risk,60,75,confirmed,75,confirmed,75,confirmed,75,confirmed,85,confirmed,20,confirmed,20,confirmed,10,confirmed,85,confirmed,85,confirmed,45,confirmed,85,confirmed,75,confirmed,0,rejected,10,confirmed
generated:threats:B-batch-2-013,incident,threat,pool_trespass,B_context_risk,60,10,confirmed,10,confirmed,10,confirmed,0,confirmed,0,confirmed,0,confirmed,0,confirmed,0,confirmed,0,confirmed,0,confirmed,5,confirmed,10,confirmed,0,confirmed,5,confirmed,10,confirmed
generated:threats:B-batch-2-014,incident,threat,vandalism,B_context_risk,60,10,confirmed,10,confirmed,10,confirmed,10,confirmed,10,confirmed,65,confirmed,85,confirmed,40,confirmed,75,confirmed,40,confirmed,45,confirmed,65,confirmed,85,confirmed,0,rejected,60,confirmed
generated:threats:B-batch-2-015,incident,threat,person_down,B_context_risk,85,10,confirmed,10,confirmed,10,confirmed,75,confirmed,10,confirmed,20,confirmed,50,confirmed,10,confirmed,50,confirmed,50,confirmed,65,confirmed,45,confirmed,,verification_failed,15,uncertain,10,confirmed
generated:threats:B-batch-2-016,incident,threat,fire_or_smoke,C_object_cued,85,20,confirmed,20,confirmed,20,confirmed,85,confirmed,10,confirmed,30,confirmed,20,confirmed,10,confirmed,40,confirmed,75,confirmed,85,confirmed,85,confirmed,95,confirmed,45,confirmed,40,confirmed
generated:threats:B-batch-2-017,incident,threat,child_alone_at_pool,B_context_risk,85,0,confirmed,0,confirmed,0,confirmed,5,confirmed,10,confirmed,10,confirmed,5,confirmed,10,confirmed,75,confirmed,85,confirmed,85,confirmed,45,confirmed,85,confirmed,10,confirmed,20,confirmed
generated:threats:B-batch-2-018,incident,threat,firearm_visible,C_object_cued,85,85,confirmed,85,confirmed,85,confirmed,85,confirmed,85,confirmed,80,confirmed,90,confirmed,95,confirmed,95,confirmed,95,confirmed,95,confirmed,95,confirmed,85,confirmed,0,uncertain,85,confirmed
generated:threats:B-batch-2-019,incident,threat,knife_visible,C_object_cued,85,85,confirmed,85,confirmed,85,confirmed,75,confirmed,75,confirmed,85,confirmed,65,confirmed,85,confirmed,30,confirmed,95,confirmed,85,confirmed,85,confirmed,,verification_failed,85,uncertain,75,confirmed
generated:threats:B-batch-2-020,incident,threat,forced_entry,C_object_cued,85,95,confirmed,95,confirmed,95,confirmed,95,confirmed,95,confirmed,95,confirmed,95,confirmed,95,confirmed,95,confirmed,95,confirmed,100,confirmed,95,confirmed,95,confirmed,0,rejected,95,confirmed
generated:threats:B-batch-2-021,incident,threat,package_theft,A_stranger_intent,60,0,confirmed,0,confirmed,0,confirmed,0,confirmed,10,confirmed,10,confirmed,10,confirmed,10,confirmed,10,confirmed,10,confirmed,10,rejected,10,confirmed,,verification_failed,0,uncertain,10,confirmed
generated:threats:B-batch-2-022,incident,threat,masked_intruder_night,C_object_cued,85,85,confirmed,85,confirmed,85,confirmed,85,confirmed,85,confirmed,95,confirmed,95,confirmed,95,confirmed,95,confirmed,95,confirmed,95,confirmed,95,confirmed,,verification_failed,85,uncertain,85,confirmed
generated:threats:B-batch-2-023,incident,threat,fire_or_smoke,C_object_cued,85,20,confirmed,20,confirmed,20,confirmed,20,confirmed,85,confirmed,50,confirmed,45,confirmed,45,confirmed,45,confirmed,85,confirmed,85,confirmed,85,confirmed,50,confirmed,0,rejected,85,confirmed
generated:threats:B-batch-2-024,incident,threat,child_alone_at_pool,B_context_risk,85,10,confirmed,10,confirmed,10,confirmed,10,confirmed,10,confirmed,85,confirmed,75,confirmed,10,confirmed,25,confirmed,85,confirmed,95,confirmed,95,confirmed,85,confirmed,15,confirmed,70,confirmed
generated:threats:B-batch-2-043,incident,threat,firearm_visible,C_object_cued,85,45,confirmed,45,confirmed,45,confirmed,45,confirmed,85,confirmed,85,confirmed,75,confirmed,95,confirmed,25,confirmed,95,confirmed,45,confirmed,60,confirmed,20,confirmed,0,rejected,80,confirmed
generated:threats:B-batch-2-044,incident,threat,knife_visible,C_object_cued,85,45,confirmed,45,confirmed,45,confirmed,40,confirmed,40,confirmed,20,confirmed,75,confirmed,10,confirmed,10,confirmed,75,confirmed,45,confirmed,35,confirmed,10,confirmed,0,confirmed,40,confirmed
generated:threats:B-batch-2-045,incident,threat,blunt_weapon,B_context_risk,85,75,confirmed,75,confirmed,75,confirmed,75,confirmed,75,confirmed,85,confirmed,20,confirmed,85,confirmed,95,confirmed,95,confirmed,85,confirmed,75,confirmed,95,confirmed,85,rejected,85,confirmed
generated:threats:B-batch-2-046,incident,threat,forced_entry,C_object_cued,85,95,confirmed,95,confirmed,95,confirmed,95,confirmed,85,confirmed,85,confirmed,95,confirmed,100,confirmed,95,confirmed,95,confirmed,95,confirmed,95,confirmed,95,confirmed,85,uncertain,85,confirmed
generated:threats:B-batch-2-047,incident,threat,package_theft,A_stranger_intent,60,0,confirmed,0,confirmed,0,confirmed,0,confirmed,0,confirmed,0,confirmed,0,confirmed,0,confirmed,0,confirmed,0,confirmed,0,confirmed,20,confirmed,50,confirmed,0,confirmed,10,confirmed
generated:threats:B-batch-2-048,incident,threat,car_break_in,B_context_risk,60,85,confirmed,85,confirmed,85,confirmed,95,confirmed,85,confirmed,50,confirmed,75,confirmed,95,confirmed,95,confirmed,40,confirmed,95,confirmed,95,confirmed,85,confirmed,0,rejected,75,confirmed
generated:threats:B-batch-2-049,incident,threat,catalytic_converter_theft,B_context_risk,60,45,confirmed,45,confirmed,45,confirmed,10,confirmed,10,confirmed,85,confirmed,95,confirmed,95,confirmed,30,confirmed,85,confirmed,85,confirmed,20,confirmed,85,confirmed,75,confirmed,10,confirmed
generated:threats:B-batch-2-050,incident,threat,masked_intruder_night,C_object_cued,85,95,confirmed,95,confirmed,95,confirmed,85,confirmed,85,confirmed,95,confirmed,95,confirmed,95,confirmed,75,confirmed,95,confirmed,95,confirmed,95,confirmed,95,confirmed,0,uncertain,85,confirmed
generated:threats:B-batch-2-051,incident,threat,fence_climbing,B_context_risk,60,,verification_failed,,verification_failed,,verification_failed,20,confirmed,30,confirmed,10,confirmed,20,confirmed,0,confirmed,65,confirmed,10,confirmed,85,confirmed,85,confirmed,75,confirmed,85,confirmed,85,confirmed
generated:threats:B-batch-2-052,incident,threat,pool_trespass,B_context_risk,60,0,confirmed,0,confirmed,0,confirmed,0,confirmed,0,confirmed,10,confirmed,10,confirmed,10,confirmed,25,confirmed,20,confirmed,20,confirmed,10,confirmed,10,confirmed,0,uncertain,10,confirmed
generated:threats:B-batch-2-053,incident,threat,vandalism,B_context_risk,60,60,confirmed,60,confirmed,60,confirmed,75,confirmed,10,confirmed,70,confirmed,75,confirmed,50,confirmed,85,confirmed,75,confirmed,85,confirmed,85,confirmed,,verification_failed,0,uncertain,40,confirmed
generated:threats:B-batch-2-054,incident,threat,person_down,B_context_risk,85,10,confirmed,10,confirmed,10,confirmed,90,confirmed,85,confirmed,95,confirmed,85,confirmed,50,confirmed,75,confirmed,85,confirmed,85,confirmed,85,confirmed,95,confirmed,0,uncertain,90,confirmed
generated:threats:B-batch-2-055,incident,threat,fire_or_smoke,C_object_cued,85,95,confirmed,95,confirmed,95,confirmed,95,confirmed,95,confirmed,90,confirmed,75,confirmed,95,confirmed,95,confirmed,100,confirmed,95,confirmed,100,confirmed,95,confirmed,95,confirmed,85,confirmed
generated:threats:B-batch-2-056,incident,threat,child_alone_at_pool,B_context_risk,85,0,confirmed,0,confirmed,0,confirmed,10,confirmed,10,confirmed,0,confirmed,50,confirmed,0,confirmed,10,confirmed,95,confirmed,85,confirmed,85,confirmed,85,confirmed,0,uncertain,20,confirmed
generated:threats:B-batch-2-057,incident,threat,firearm_visible,C_object_cued,85,95,confirmed,95,confirmed,95,confirmed,95,confirmed,95,confirmed,85,confirmed,85,confirmed,100,confirmed,95,confirmed,100,confirmed,75,confirmed,85,confirmed,95,confirmed,85,confirmed,85,confirmed
generated:threats:B-batch-2-058,incident,threat,knife_visible,C_object_cued,85,85,confirmed,85,confirmed,85,confirmed,95,confirmed,45,confirmed,50,confirmed,50,confirmed,85,confirmed,85,confirmed,95,confirmed,65,confirmed,45,confirmed,20,confirmed,95,confirmed,70,confirmed
generated:threats:B-batch-2-059,incident,threat,forced_entry,C_object_cued,85,95,confirmed,95,confirmed,95,confirmed,95,confirmed,85,rejected,95,confirmed,95,confirmed,100,confirmed,95,confirmed,100,confirmed,95,confirmed,95,confirmed,95,confirmed,85,uncertain,95,confirmed
generated:threats:B-batch-2-060,incident,threat,package_theft,A_stranger_intent,60,5,confirmed,5,confirmed,5,confirmed,0,confirmed,10,confirmed,0,confirmed,10,confirmed,0,confirmed,10,confirmed,0,confirmed,5,confirmed,10,confirmed,10,confirmed,0,uncertain,10,confirmed
generated:threats:B-batch-2-061,incident,threat,masked_intruder_night,C_object_cued,85,85,confirmed,85,confirmed,85,confirmed,85,confirmed,85,confirmed,95,confirmed,85,confirmed,95,confirmed,95,confirmed,95,confirmed,95,confirmed,95,confirmed,95,confirmed,95,confirmed,95,confirmed
generated:threats:B-batch-2-062,incident,threat,fire_or_smoke,C_object_cued,85,95,confirmed,95,confirmed,95,confirmed,95,confirmed,95,confirmed,90,confirmed,90,confirmed,95,confirmed,100,confirmed,100,confirmed,100,confirmed,100,confirmed,0,confirmed,98,confirmed,95,confirmed
generated:threats:B-batch-2-063,incident,threat,child_alone_at_pool,B_context_risk,85,5,confirmed,5,confirmed,5,confirmed,0,rejected,10,confirmed,10,rejected,10,rejected,0,rejected,0,rejected,0,uncertain,0,rejected,20,rejected,85,confirmed,15,confirmed,10,rejected
generated:threats:B-batch-2-082,incident,threat,firearm_visible,C_object_cued,85,95,confirmed,95,confirmed,95,confirmed,95,confirmed,95,confirmed,95,confirmed,95,confirmed,100,confirmed,65,confirmed,100,confirmed,95,confirmed,95,confirmed,95,confirmed,95,uncertain,90,confirmed
generated:threats:B-batch-2-083,incident,threat,knife_visible,C_object_cued,85,95,confirmed,95,confirmed,95,confirmed,90,confirmed,95,confirmed,75,confirmed,80,confirmed,95,confirmed,85,confirmed,95,confirmed,85,confirmed,85,confirmed,95,confirmed,95,confirmed,85,confirmed
generated:threats:B-batch-2-084,incident,threat,blunt_weapon,B_context_risk,85,0,confirmed,0,confirmed,0,confirmed,5,confirmed,20,confirmed,10,confirmed,10,confirmed,0,confirmed,5,confirmed,10,confirmed,10,confirmed,10,confirmed,10,confirmed,15,confirmed,10,confirmed
generated:threats:B-batch-2-085,incident,threat,forced_entry,C_object_cued,85,85,confirmed,85,confirmed,85,confirmed,95,confirmed,85,confirmed,75,confirmed,95,confirmed,40,confirmed,95,confirmed,85,confirmed,95,confirmed,95,confirmed,95,confirmed,0,uncertain,85,confirmed
generated:threats:B-batch-2-086,incident,threat,package_theft,A_stranger_intent,60,0,confirmed,0,confirmed,0,confirmed,0,confirmed,0,confirmed,10,confirmed,10,confirmed,0,confirmed,0,confirmed,0,confirmed,5,confirmed,10,confirmed,0,rejected,0,rejected,0,confirmed
generated:threats:B-batch-2-087,incident,threat,car_break_in,B_context_risk,60,75,confirmed,75,confirmed,75,confirmed,90,confirmed,20,confirmed,0,confirmed,20,confirmed,10,confirmed,85,confirmed,95,confirmed,95,confirmed,45,confirmed,95,confirmed,98,confirmed,10,confirmed
generated:threats:B-batch-2-088,incident,threat,catalytic_converter_theft,B_context_risk,60,10,confirmed,10,confirmed,10,confirmed,10,confirmed,10,confirmed,0,confirmed,10,confirmed,100,confirmed,10,confirmed,75,confirmed,10,rejected,65,confirmed,10,confirmed,0,rejected,75,confirmed
generated:threats:B-batch-2-089,incident,threat,masked_intruder_night,C_object_cued,85,95,confirmed,95,confirmed,95,confirmed,85,confirmed,95,confirmed,90,confirmed,95,confirmed,95,confirmed,95,confirmed,95,confirmed,95,confirmed,95,confirmed,95,confirmed,0,rejected,95,confirmed
generated:threats:B-batch-2-090,incident,threat,fence_climbing,B_context_risk,60,0,confirmed,0,confirmed,0,confirmed,0,confirmed,10,confirmed,20,confirmed,75,confirmed,0,confirmed,65,confirmed,10,confirmed,20,confirmed,10,confirmed,20,confirmed,15,uncertain,20,confirmed
generated:threats:B-batch-2-091,incident,threat,pool_trespass,B_context_risk,60,5,confirmed,5,confirmed,5,confirmed,0,confirmed,0,confirmed,10,confirmed,0,confirmed,0,confirmed,0,confirmed,0,confirmed,5,confirmed,5,confirmed,10,confirmed,0,confirmed,10,confirmed
generated:threats:B-batch-2-092,incident,threat,vandalism,B_context_risk,60,30,confirmed,30,confirmed,30,confirmed,75,confirmed,10,confirmed,20,confirmed,75,confirmed,10,confirmed,85,confirmed,85,confirmed,85,confirmed,85,confirmed,85,confirmed,95,confirmed,85,confirmed
generated:threats:B-batch-2-093,incident,threat,person_down,B_context_risk,85,0,confirmed,0,confirmed,0,confirmed,0,confirmed,0,confirmed,0,confirmed,10,confirmed,0,confirmed,0,confirmed,0,confirmed,85,confirmed,85,confirmed,85,confirmed,85,confirmed,85,confirmed
generated:threats:B-batch-2-094,incident,threat,fire_or_smoke,C_object_cued,85,10,confirmed,10,confirmed,10,confirmed,10,confirmed,75,confirmed,20,confirmed,20,confirmed,45,confirmed,10,confirmed,75,confirmed,65,confirmed,45,confirmed,85,confirmed,45,confirmed,70,confirmed
generated:threats:B-batch-2-095,incident,threat,child_alone_at_pool,B_context_risk,85,0,confirmed,0,confirmed,0,confirmed,5,confirmed,10,confirmed,10,confirmed,0,confirmed,0,confirmed,10,confirmed,40,confirmed,85,confirmed,45,confirmed,10,confirmed,15,confirmed,10,confirmed
generated:threats:B-batch-2-096,incident,threat,firearm_visible,C_object_cued,85,95,confirmed,95,confirmed,95,confirmed,95,confirmed,85,confirmed,75,confirmed,75,confirmed,95,confirmed,65,confirmed,95,confirmed,95,confirmed,95,confirmed,85,confirmed,0,rejected,85,confirmed
generated:threats:B-batch-2-097,incident,threat,knife_visible,C_object_cued,85,60,confirmed,60,confirmed,60,confirmed,40,confirmed,30,confirmed,75,confirmed,45,confirmed,85,confirmed,10,rejected,75,confirmed,75,confirmed,85,confirmed,60,confirmed,0,rejected,85,confirmed
generated:threats:B-batch-2-098,incident,threat,forced_entry,C_object_cued,85,95,confirmed,95,confirmed,95,confirmed,95,confirmed,95,confirmed,95,confirmed,95,confirmed,100,confirmed,95,confirmed,100,confirmed,95,confirmed,95,confirmed,95,confirmed,95,rejected,95,confirmed
generated:threats:B-batch-2-099,incident,threat,package_theft,A_stranger_intent,60,10,confirmed,10,confirmed,10,confirmed,40,confirmed,20,confirmed,10,confirmed,10,confirmed,10,confirmed,10,confirmed,10,confirmed,15,confirmed,20,confirmed,75,confirmed,0,uncertain,10,confirmed
generated:threats:B-batch-3-000,incident,threat,masked_intruder_night,C_object_cued,85,95,confirmed,95,confirmed,95,confirmed,95,confirmed,95,confirmed,85,confirmed,95,confirmed,95,confirmed,95,confirmed,95,confirmed,95,confirmed,95,confirmed,95,confirmed,95,confirmed,85,confirmed
generated:threats:B-batch-3-001,incident,threat,fire_or_smoke,C_object_cued,85,95,confirmed,95,confirmed,95,confirmed,95,confirmed,95,confirmed,95,confirmed,95,confirmed,95,confirmed,100,confirmed,100,confirmed,100,confirmed,100,confirmed,95,confirmed,95,confirmed,100,confirmed
generated:threats:B-batch-3-002,incident,threat,child_alone_at_pool,B_context_risk,85,10,confirmed,10,confirmed,10,confirmed,10,confirmed,10,confirmed,85,confirmed,85,confirmed,85,confirmed,85,confirmed,95,confirmed,85,confirmed,85,confirmed,20,confirmed,0,uncertain,95,confirmed
generated:threats:B-batch-3-021,incident,threat,firearm_visible,C_object_cued,85,85,confirmed,85,confirmed,85,confirmed,20,confirmed,95,confirmed,50,confirmed,10,rejected,100,confirmed,95,confirmed,95,confirmed,95,confirmed,95,confirmed,10,rejected,85,uncertain,85,confirmed
generated:threats:B-batch-3-022,incident,threat,knife_visible,C_object_cued,85,85,confirmed,85,confirmed,85,confirmed,85,confirmed,85,confirmed,85,confirmed,60,confirmed,85,confirmed,75,confirmed,95,confirmed,55,confirmed,65,confirmed,10,confirmed,10,uncertain,40,confirmed
generated:threats:B-batch-3-023,incident,threat,blunt_weapon,B_context_risk,85,75,confirmed,75,confirmed,75,confirmed,10,rejected,20,confirmed,15,confirmed,15,confirmed,10,confirmed,15,confirmed,0,uncertain,20,confirmed,85,confirmed,,verification_failed,0,rejected,65,confirmed
generated:threats:B-batch-3-024,incident,threat,forced_entry,C_object_cued,85,85,confirmed,85,confirmed,85,confirmed,60,confirmed,85,confirmed,95,confirmed,90,confirmed,100,confirmed,95,confirmed,95,confirmed,95,confirmed,95,confirmed,95,confirmed,0,rejected,95,confirmed
generated:threats:B-batch-3-025,incident,threat,package_theft,A_stranger_intent,60,0,confirmed,0,confirmed,0,confirmed,0,confirmed,10,confirmed,0,confirmed,0,confirmed,0,confirmed,0,confirmed,0,confirmed,5,confirmed,5,confirmed,10,confirmed,0,uncertain,10,confirmed
generated:threats:B-batch-3-026,incident,threat,car_break_in,B_context_risk,60,30,confirmed,30,confirmed,30,confirmed,85,confirmed,10,confirmed,85,confirmed,85,confirmed,50,confirmed,20,confirmed,85,confirmed,85,confirmed,85,confirmed,95,confirmed,0,rejected,85,confirmed
generated:threats:B-batch-3-027,incident,threat,catalytic_converter_theft,B_context_risk,60,95,confirmed,95,confirmed,95,confirmed,95,confirmed,85,confirmed,90,confirmed,85,confirmed,90,confirmed,65,confirmed,85,confirmed,90,confirmed,95,confirmed,95,confirmed,0,uncertain,85,confirmed
generated:threats:B-batch-3-028,incident,threat,masked_intruder_night,C_object_cued,85,95,confirmed,95,confirmed,95,confirmed,95,confirmed,85,confirmed,95,confirmed,85,confirmed,95,confirmed,95,confirmed,95,confirmed,95,confirmed,95,confirmed,95,confirmed,95,confirmed,85,confirmed
generated:threats:B-batch-3-029,incident,threat,fence_climbing,B_context_risk,60,75,confirmed,75,confirmed,75,confirmed,75,confirmed,0,uncertain,20,confirmed,0,rejected,10,confirmed,65,confirmed,75,confirmed,85,confirmed,10,confirmed,40,confirmed,0,rejected,10,confirmed
generated:threats:B-batch-3-030,incident,threat,pool_trespass,B_context_risk,60,10,confirmed,10,confirmed,10,confirmed,10,confirmed,10,confirmed,10,confirmed,10,confirmed,10,confirmed,10,confirmed,10,confirmed,20,confirmed,15,confirmed,10,confirmed,0,rejected,20,confirmed
generated:threats:B-batch-3-031,incident,threat,vandalism,B_context_risk,60,0,confirmed,0,confirmed,0,confirmed,10,confirmed,10,confirmed,0,confirmed,60,confirmed,10,confirmed,10,confirmed,60,confirmed,75,confirmed,45,confirmed,10,confirmed,0,rejected,65,confirmed
generated:threats:B-batch-3-032,incident,threat,person_down,B_context_risk,85,10,confirmed,10,confirmed,10,confirmed,5,confirmed,10,confirmed,10,confirmed,10,confirmed,0,confirmed,0,confirmed,50,confirmed,10,confirmed,10,confirmed,65,confirmed,10,confirmed,20,confirmed
generated:threats:B-batch-3-033,incident,threat,fire_or_smoke,C_object_cued,85,95,confirmed,95,confirmed,95,confirmed,95,confirmed,85,confirmed,95,confirmed,95,confirmed,95,confirmed,95,confirmed,100,confirmed,95,confirmed,100,confirmed,95,confirmed,95,confirmed,100,confirmed
generated:threats:B-batch-3-034,incident,threat,child_alone_at_pool,B_context_risk,85,30,confirmed,30,confirmed,30,confirmed,0,confirmed,0,confirmed,20,confirmed,0,confirmed,45,confirmed,10,confirmed,95,uncertain,45,confirmed,85,confirmed,,verification_failed,0,uncertain,85,confirmed
generated:threats:B-batch-3-035,incident,threat,firearm_visible,C_object_cued,85,85,confirmed,85,confirmed,85,confirmed,85,confirmed,75,confirmed,85,confirmed,65,confirmed,95,confirmed,30,confirmed,95,confirmed,85,confirmed,85,confirmed,70,confirmed,0,rejected,60,confirmed
generated:threats:B-batch-3-036,incident,threat,knife_visible,C_object_cued,85,95,confirmed,95,confirmed,95,confirmed,95,confirmed,85,confirmed,85,confirmed,85,confirmed,100,confirmed,30,confirmed,95,confirmed,95,confirmed,95,confirmed,95,confirmed,0,rejected,90,confirmed
generated:threats:B-batch-3-037,incident,threat,forced_entry,C_object_cued,85,75,confirmed,75,confirmed,75,confirmed,75,confirmed,75,confirmed,75,confirmed,75,confirmed,95,confirmed,95,confirmed,40,confirmed,95,confirmed,95,confirmed,95,confirmed,10,uncertain,95,confirmed
generated:threats:B-batch-3-038,incident,threat,package_theft,A_stranger_intent,60,0,confirmed,0,confirmed,0,confirmed,0,confirmed,0,confirmed,0,confirmed,0,confirmed,0,confirmed,0,confirmed,0,confirmed,5,confirmed,0,confirmed,10,confirmed,0,uncertain,10,confirmed
generated:threats:B-batch-3-039,incident,threat,masked_intruder_night,C_object_cued,85,95,confirmed,95,confirmed,95,confirmed,95,confirmed,85,confirmed,95,confirmed,95,confirmed,5,confirmed,95,confirmed,85,uncertain,95,confirmed,95,confirmed,95,confirmed,0,rejected,90,confirmed
generated:threats:B-batch-3-040,incident,threat,fire_or_smoke,C_object_cued,85,85,confirmed,85,confirmed,85,confirmed,20,confirmed,85,confirmed,85,confirmed,85,confirmed,45,confirmed,95,confirmed,85,confirmed,55,confirmed,85,confirmed,95,confirmed,85,confirmed,85,confirmed
generated:threats:B-batch-3-041,incident,threat,child_alone_at_pool,B_context_risk,85,75,confirmed,75,confirmed,75,confirmed,75,confirmed,10,confirmed,25,confirmed,15,confirmed,40,confirmed,20,confirmed,95,confirmed,85,confirmed,95,confirmed,75,confirmed,0,uncertain,45,confirmed
generated:threats:B-batch-3-060,incident,threat,firearm_visible,C_object_cued,85,95,confirmed,95,confirmed,95,confirmed,85,confirmed,85,confirmed,85,confirmed,85,confirmed,100,confirmed,95,confirmed,95,confirmed,95,confirmed,95,confirmed,95,confirmed,0,uncertain,90,confirmed
generated:threats:B-batch-3-061,incident,threat,knife_visible,C_object_cued,85,95,confirmed,95,confirmed,95,confirmed,95,confirmed,95,confirmed,85,confirmed,95,confirmed,100,confirmed,95,confirmed,100,confirmed,95,confirmed,95,confirmed,95,confirmed,95,rejected,95,confirmed
generated:threats:B-batch-3-062,incident,threat,blunt_weapon,B_context_risk,85,10,confirmed,10,confirmed,10,confirmed,10,confirmed,10,confirmed,10,confirmed,10,confirmed,0,confirmed,0,confirmed,75,confirmed,35,confirmed,10,confirmed,10,confirmed,45,confirmed,10,confirmed
generated:threats:B-batch-3-063,incident,threat,forced_entry,C_object_cued,85,95,confirmed,95,confirmed,95,confirmed,95,confirmed,95,confirmed,95,confirmed,95,confirmed,40,confirmed,95,confirmed,100,confirmed,95,confirmed,95,confirmed,95,confirmed,95,confirmed,95,confirmed
generated:threats:B-batch-3-064,incident,threat,package_theft,A_stranger_intent,60,0,confirmed,0,confirmed,0,confirmed,0,confirmed,0,confirmed,10,confirmed,10,confirmed,0,uncertain,10,rejected,0,confirmed,0,confirmed,10,confirmed,10,confirmed,0,confirmed,10,confirmed
generated:threats:B-batch-3-065,incident,threat,car_break_in,B_context_risk,60,95,confirmed,95,confirmed,95,confirmed,95,confirmed,85,confirmed,85,confirmed,85,confirmed,85,confirmed,95,confirmed,85,confirmed,85,confirmed,85,confirmed,95,confirmed,0,rejected,85,confirmed
generated:threats:B-batch-3-066,incident,threat,catalytic_converter_theft,B_context_risk,60,95,confirmed,95,confirmed,95,confirmed,10,uncertain,95,confirmed,75,confirmed,20,confirmed,95,confirmed,10,uncertain,85,confirmed,90,confirmed,90,confirmed,95,confirmed,0,rejected,85,confirmed
generated:threats:B-batch-3-067,incident,threat,masked_intruder_night,C_object_cued,85,95,confirmed,95,confirmed,95,confirmed,85,confirmed,75,confirmed,75,confirmed,75,confirmed,95,confirmed,95,confirmed,95,confirmed,95,confirmed,95,confirmed,95,confirmed,95,confirmed,85,confirmed
generated:threats:B-batch-3-068,incident,threat,fence_climbing,B_context_risk,60,95,confirmed,95,confirmed,95,confirmed,85,confirmed,45,confirmed,85,confirmed,85,confirmed,45,confirmed,95,confirmed,95,confirmed,95,confirmed,85,confirmed,95,confirmed,85,confirmed,60,confirmed
generated:threats:B-batch-3-069,incident,threat,pool_trespass,B_context_risk,60,0,confirmed,0,confirmed,0,confirmed,10,confirmed,10,confirmed,10,confirmed,10,confirmed,0,confirmed,0,confirmed,10,confirmed,10,confirmed,20,confirmed,10,confirmed,0,rejected,10,confirmed
generated:threats:B-batch-3-070,incident,threat,vandalism,B_context_risk,60,85,confirmed,85,confirmed,85,confirmed,75,confirmed,10,confirmed,85,confirmed,65,confirmed,40,confirmed,75,confirmed,40,confirmed,65,confirmed,85,confirmed,70,confirmed,0,rejected,65,confirmed
generated:threats:B-batch-3-071,incident,threat,person_down,B_context_risk,85,95,confirmed,95,confirmed,95,confirmed,85,confirmed,85,confirmed,95,confirmed,95,confirmed,85,confirmed,95,confirmed,95,uncertain,95,confirmed,95,confirmed,95,confirmed,0,rejected,85,confirmed
generated:threats:B-batch-3-072,incident,threat,fire_or_smoke,C_object_cued,85,30,confirmed,30,confirmed,30,confirmed,10,confirmed,95,confirmed,0,confirmed,10,confirmed,10,confirmed,20,confirmed,85,confirmed,15,confirmed,20,confirmed,10,confirmed,85,uncertain,10,confirmed
generated:threats:B-batch-3-073,incident,threat,child_alone_at_pool,B_context_risk,85,0,confirmed,0,confirmed,0,confirmed,10,confirmed,0,confirmed,0,confirmed,10,confirmed,0,confirmed,75,confirmed,85,confirmed,85,confirmed,85,confirmed,,verification_failed,0,confirmed,50,confirmed
generated:threats:B-batch-3-074,incident,threat,firearm_visible,C_object_cued,85,85,confirmed,85,confirmed,85,confirmed,20,confirmed,85,confirmed,50,confirmed,85,confirmed,100,confirmed,65,confirmed,100,confirmed,55,confirmed,95,confirmed,10,rejected,0,rejected,85,confirmed
generated:threats:B-batch-3-075,incident,threat,knife_visible,C_object_cued,85,20,confirmed,20,confirmed,20,confirmed,10,confirmed,25,confirmed,,verification_failed,20,confirmed,40,confirmed,10,confirmed,85,confirmed,20,confirmed,85,confirmed,30,confirmed,0,rejected,75,confirmed
generated:threats:B-batch-3-076,incident,threat,forced_entry,C_object_cued,85,95,confirmed,95,confirmed,95,confirmed,95,confirmed,95,confirmed,95,confirmed,95,confirmed,100,confirmed,95,confirmed,95,confirmed,95,confirmed,95,confirmed,95,confirmed,0,uncertain,95,confirmed
generated:threats:B-batch-3-077,incident,threat,package_theft,A_stranger_intent,60,0,confirmed,0,confirmed,0,confirmed,0,confirmed,0,confirmed,0,confirmed,10,confirmed,0,confirmed,0,confirmed,0,confirmed,10,confirmed,0,confirmed,10,confirmed,0,confirmed,10,confirmed
generated:threats:B-batch-3-078,incident,threat,masked_intruder_night,C_object_cued,85,85,confirmed,85,confirmed,85,confirmed,85,confirmed,85,confirmed,85,confirmed,85,confirmed,95,confirmed,85,confirmed,95,confirmed,95,confirmed,95,confirmed,95,confirmed,0,rejected,85,confirmed
generated:threats:B-batch-3-079,incident,threat,fire_or_smoke,C_object_cued,85,85,confirmed,85,confirmed,85,confirmed,60,confirmed,75,confirmed,75,confirmed,10,confirmed,45,confirmed,30,confirmed,75,confirmed,25,confirmed,90,confirmed,85,confirmed,15,confirmed,40,confirmed
generated:threats:B-batch-3-080,incident,threat,child_alone_at_pool,B_context_risk,85,0,confirmed,0,confirmed,0,confirmed,0,confirmed,10,confirmed,10,confirmed,10,confirmed,10,confirmed,10,confirmed,85,confirmed,45,confirmed,65,confirmed,10,confirmed,0,confirmed,20,confirmed
generated:threats:B-batch-3-099,incident,threat,firearm_visible,C_object_cued,85,95,confirmed,95,confirmed,95,confirmed,95,confirmed,85,confirmed,85,confirmed,95,confirmed,95,confirmed,85,confirmed,95,confirmed,95,confirmed,95,confirmed,85,confirmed,95,uncertain,95,confirmed
generated:threats:B-batch-4-000,incident,threat,knife_visible,C_object_cued,85,95,confirmed,95,confirmed,95,confirmed,85,confirmed,85,confirmed,20,confirmed,85,confirmed,95,confirmed,75,confirmed,95,confirmed,65,confirmed,45,confirmed,30,confirmed,0,rejected,85,confirmed
generated:threats:B-batch-4-001,incident,threat,blunt_weapon,B_context_risk,85,0,confirmed,0,confirmed,0,confirmed,10,confirmed,10,confirmed,10,confirmed,0,confirmed,0,confirmed,0,confirmed,10,confirmed,10,confirmed,5,confirmed,10,confirmed,0,rejected,10,confirmed
generated:threats:B-batch-4-002,incident,threat,forced_entry,C_object_cued,85,95,confirmed,95,confirmed,95,confirmed,95,confirmed,95,confirmed,95,confirmed,95,confirmed,100,confirmed,95,confirmed,100,confirmed,95,confirmed,95,confirmed,95,confirmed,95,uncertain,95,confirmed
generated:threats:B-batch-4-003,incident,threat,package_theft,A_stranger_intent,60,0,confirmed,0,confirmed,0,confirmed,0,confirmed,10,confirmed,0,confirmed,0,confirmed,0,confirmed,5,confirmed,0,confirmed,5,confirmed,0,confirmed,10,confirmed,0,rejected,0,confirmed
generated:threats:B-batch-4-004,incident,threat,car_break_in,B_context_risk,60,95,confirmed,95,confirmed,95,confirmed,85,confirmed,75,uncertain,50,rejected,85,confirmed,95,uncertain,95,rejected,95,rejected,85,confirmed,95,confirmed,95,rejected,0,rejected,75,confirmed
generated:threats:B-batch-4-005,incident,threat,catalytic_converter_theft,B_context_risk,60,0,confirmed,0,confirmed,0,confirmed,0,rejected,10,confirmed,0,rejected,20,rejected,95,confirmed,0,rejected,60,confirmed,35,rejected,15,rejected,10,confirmed,85,uncertain,75,confirmed
generated:threats:B-batch-4-006,incident,threat,masked_intruder_night,C_object_cued,85,95,confirmed,95,confirmed,95,confirmed,,verification_failed,95,confirmed,95,confirmed,95,confirmed,95,confirmed,95,confirmed,95,confirmed,95,confirmed,95,confirmed,95,confirmed,0,rejected,85,confirmed
generated:threats:B-batch-4-007,incident,threat,fence_climbing,B_context_risk,60,5,confirmed,5,confirmed,5,confirmed,0,confirmed,10,confirmed,70,confirmed,0,confirmed,0,confirmed,65,confirmed,40,confirmed,15,confirmed,10,confirmed,75,confirmed,0,uncertain,40,confirmed
generated:threats:B-batch-4-008,incident,threat,pool_trespass,B_context_risk,60,0,confirmed,0,confirmed,0,confirmed,5,confirmed,10,confirmed,0,confirmed,5,confirmed,0,confirmed,0,confirmed,0,confirmed,15,confirmed,20,confirmed,0,confirmed,0,uncertain,10,confirmed
generated:threats:B-batch-4-009,incident,threat,vandalism,B_context_risk,60,0,confirmed,0,confirmed,0,confirmed,20,confirmed,10,confirmed,50,confirmed,50,confirmed,40,confirmed,85,confirmed,40,confirmed,85,confirmed,85,confirmed,10,confirmed,0,rejected,85,confirmed
generated:threats:B-batch-4-010,incident,threat,person_down,B_context_risk,85,85,confirmed,85,confirmed,85,confirmed,85,confirmed,30,confirmed,10,confirmed,10,confirmed,50,confirmed,85,confirmed,95,confirmed,85,confirmed,85,confirmed,75,confirmed,0,uncertain,85,confirmed
generated:threats:B-batch-4-011,incident,threat,fire_or_smoke,C_object_cued,85,95,confirmed,95,confirmed,95,confirmed,95,confirmed,85,confirmed,95,confirmed,95,confirmed,95,confirmed,100,confirmed,95,confirmed,95,confirmed,100,confirmed,10,confirmed,0,rejected,95,confirmed
generated:threats:B-batch-4-012,incident,threat,child_alone_at_pool,B_context_risk,85,0,confirmed,0,confirmed,0,confirmed,10,confirmed,10,confirmed,0,confirmed,0,confirmed,0,confirmed,30,confirmed,85,confirmed,35,confirmed,85,confirmed,60,confirmed,0,confirmed,70,confirmed
generated:threats:B-batch-4-013,incident,threat,firearm_visible,C_object_cued,85,95,confirmed,95,confirmed,95,confirmed,75,confirmed,85,confirmed,95,confirmed,65,confirmed,95,confirmed,65,confirmed,95,confirmed,95,confirmed,95,confirmed,95,confirmed,95,confirmed,85,confirmed
generated:threats:B-batch-4-014,incident,threat,knife_visible,C_object_cued,85,85,confirmed,85,confirmed,85,confirmed,75,confirmed,85,confirmed,85,confirmed,95,confirmed,95,confirmed,85,confirmed,95,confirmed,95,confirmed,95,confirmed,95,confirmed,95,rejected,85,confirmed
generated:threats:B-batch-4-015,incident,threat,forced_entry,C_object_cued,85,95,confirmed,95,confirmed,95,confirmed,5,confirmed,10,confirmed,50,confirmed,50,confirmed,95,confirmed,95,confirmed,85,confirmed,90,confirmed,95,confirmed,95,confirmed,0,uncertain,85,confirmed
generated:threats:B-batch-4-016,incident,threat,package_theft,A_stranger_intent,60,0,confirmed,0,confirmed,0,confirmed,0,confirmed,0,confirmed,0,confirmed,5,confirmed,10,confirmed,10,confirmed,0,confirmed,10,confirmed,10,confirmed,10,confirmed,0,rejected,10,confirmed
generated:threats:B-batch-4-017,incident,threat,masked_intruder_night,C_object_cued,85,85,confirmed,85,confirmed,85,confirmed,85,confirmed,85,confirmed,95,confirmed,85,confirmed,95,confirmed,95,confirmed,95,confirmed,95,confirmed,95,confirmed,95,confirmed,85,confirmed,85,confirmed
generated:threats:B-batch-4-018,incident,threat,fire_or_smoke,C_object_cued,85,95,confirmed,95,confirmed,95,confirmed,95,confirmed,95,confirmed,100,confirmed,100,confirmed,95,confirmed,100,confirmed,100,confirmed,95,confirmed,100,confirmed,100,confirmed,95,confirmed,95,confirmed
generated:threats:B-batch-4-019,incident,threat,child_alone_at_pool,B_context_risk,85,0,confirmed,0,confirmed,0,confirmed,20,confirmed,10,confirmed,20,confirmed,95,confirmed,95,confirmed,75,confirmed,85,confirmed,35,confirmed,15,confirmed,85,confirmed,0,uncertain,20,confirmed
generated:threats:B-batch-4-038,incident,threat,firearm_visible,C_object_cued,85,85,confirmed,85,confirmed,85,confirmed,,verification_failed,85,confirmed,75,confirmed,50,confirmed,95,confirmed,10,uncertain,100,confirmed,95,confirmed,95,confirmed,95,confirmed,0,rejected,90,confirmed
generated:threats:B-batch-4-039,incident,threat,knife_visible,C_object_cued,85,10,confirmed,10,confirmed,10,confirmed,10,confirmed,,verification_failed,20,confirmed,10,confirmed,30,confirmed,10,confirmed,75,confirmed,20,confirmed,30,confirmed,10,confirmed,0,rejected,40,confirmed
generated:threats:B-batch-4-040,incident,threat,blunt_weapon,B_context_risk,85,10,confirmed,10,confirmed,10,confirmed,5,confirmed,10,confirmed,75,confirmed,65,confirmed,10,confirmed,10,confirmed,65,confirmed,65,confirmed,10,confirmed,20,confirmed,45,confirmed,10,confirmed
generated:threats:B-batch-4-041,incident,threat,forced_entry,C_object_cued,85,85,confirmed,85,confirmed,85,confirmed,95,confirmed,85,confirmed,85,confirmed,95,confirmed,95,confirmed,95,confirmed,100,confirmed,95,confirmed,95,confirmed,95,confirmed,0,rejected,90,confirmed
generated:threats:B-batch-4-042,incident,threat,package_theft,A_stranger_intent,60,0,confirmed,0,confirmed,0,confirmed,0,confirmed,0,confirmed,0,confirmed,0,confirmed,0,confirmed,0,confirmed,0,confirmed,5,confirmed,0,confirmed,10,confirmed,0,rejected,10,confirmed
generated:threats:B-batch-4-043,incident,threat,car_break_in,B_context_risk,60,5,confirmed,5,confirmed,5,confirmed,5,confirmed,10,confirmed,50,confirmed,85,confirmed,10,confirmed,10,confirmed,85,confirmed,10,confirmed,10,confirmed,95,confirmed,0,rejected,20,confirmed
generated:threats:B-batch-4-044,incident,threat,catalytic_converter_theft,B_context_risk,60,0,confirmed,0,confirmed,0,confirmed,0,confirmed,75,confirmed,20,confirmed,50,confirmed,95,confirmed,10,confirmed,75,confirmed,35,confirmed,85,confirmed,20,confirmed,95,confirmed,80,confirmed
generated:threats:B-batch-4-045,incident,threat,masked_intruder_night,C_object_cued,85,85,confirmed,85,confirmed,85,confirmed,75,confirmed,75,confirmed,50,confirmed,85,confirmed,75,confirmed,35,confirmed,85,confirmed,92,confirmed,95,confirmed,95,confirmed,0,uncertain,50,confirmed
generated:threats:B-batch-4-046,incident,threat,fence_climbing,B_context_risk,60,0,uncertain,0,uncertain,0,uncertain,85,confirmed,30,confirmed,85,rejected,95,confirmed,0,confirmed,30,confirmed,75,confirmed,95,confirmed,35,confirmed,85,confirmed,0,rejected,95,confirmed
generated:threats:B-batch-4-047,incident,threat,pool_trespass,B_context_risk,60,10,confirmed,10,confirmed,10,confirmed,10,confirmed,10,confirmed,20,confirmed,10,confirmed,0,confirmed,20,confirmed,10,confirmed,15,confirmed,45,confirmed,20,confirmed,0,confirmed,10,confirmed
generated:threats:B-batch-4-048,incident,threat,vandalism,B_context_risk,60,0,confirmed,0,confirmed,0,confirmed,0,confirmed,0,confirmed,5,confirmed,15,rejected,10,confirmed,10,confirmed,10,confirmed,85,confirmed,85,confirmed,10,confirmed,0,rejected,10,confirmed
generated:threats:B-batch-4-049,incident,threat,person_down,B_context_risk,85,75,confirmed,75,confirmed,75,confirmed,85,confirmed,20,confirmed,85,confirmed,75,confirmed,85,confirmed,85,confirmed,95,confirmed,85,confirmed,85,confirmed,85,confirmed,0,rejected,65,confirmed
generated:threats:B-batch-4-050,incident,threat,fire_or_smoke,C_object_cued,85,0,confirmed,0,confirmed,0,confirmed,0,confirmed,10,confirmed,10,confirmed,20,confirmed,30,confirmed,10,confirmed,60,confirmed,65,confirmed,30,confirmed,75,confirmed,45,confirmed,60,confirmed
generated:threats:B-batch-4-051,incident,threat,child_alone_at_pool,B_context_risk,85,10,confirmed,10,confirmed,10,confirmed,0,confirmed,10,confirmed,50,confirmed,90,confirmed,45,confirmed,20,confirmed,95,confirmed,100,confirmed,95,confirmed,75,confirmed,0,uncertain,85,confirmed
generated:threats:B-batch-4-052,incident,threat,firearm_visible,C_object_cued,85,95,confirmed,95,confirmed,95,confirmed,85,confirmed,85,confirmed,85,confirmed,20,confirmed,95,confirmed,95,confirmed,100,confirmed,95,confirmed,95,confirmed,95,confirmed,0,rejected,85,confirmed
generated:threats:B-batch-4-053,incident,threat,knife_visible,C_object_cued,85,10,confirmed,10,confirmed,10,confirmed,10,confirmed,20,confirmed,10,confirmed,50,confirmed,85,confirmed,10,confirmed,30,confirmed,15,confirmed,20,confirmed,10,confirmed,0,rejected,40,confirmed
generated:threats:B-batch-4-054,incident,threat,forced_entry,C_object_cued,85,95,confirmed,95,confirmed,95,confirmed,95,confirmed,85,confirmed,95,confirmed,95,confirmed,95,confirmed,95,confirmed,95,confirmed,100,confirmed,100,confirmed,95,confirmed,0,rejected,95,confirmed
generated:threats:B-batch-4-055,incident,threat,package_theft,A_stranger_intent,60,0,confirmed,0,confirmed,0,confirmed,0,confirmed,10,confirmed,10,confirmed,0,confirmed,0,confirmed,0,confirmed,0,confirmed,0,confirmed,5,confirmed,10,confirmed,0,confirmed,10,confirmed
generated:threats:B-batch-4-056,incident,threat,masked_intruder_night,C_object_cued,85,95,confirmed,95,confirmed,95,confirmed,95,confirmed,85,confirmed,95,confirmed,95,confirmed,100,confirmed,95,confirmed,100,confirmed,95,confirmed,95,confirmed,95,confirmed,95,uncertain,90,confirmed
generated:threats:B-batch-4-057,incident,threat,fire_or_smoke,C_object_cued,85,10,confirmed,10,confirmed,10,confirmed,10,confirmed,10,confirmed,10,confirmed,10,confirmed,10,confirmed,30,confirmed,40,confirmed,45,confirmed,45,confirmed,20,confirmed,0,uncertain,40,confirmed
generated:threats:B-batch-4-058,incident,threat,child_alone_at_pool,B_context_risk,85,0,confirmed,0,confirmed,0,confirmed,0,confirmed,0,confirmed,10,confirmed,15,confirmed,10,confirmed,10,confirmed,85,confirmed,85,confirmed,85,confirmed,95,confirmed,15,confirmed,20,confirmed
generated:threats:B-batch-4-077,incident,threat,firearm_visible,C_object_cued,85,95,confirmed,95,confirmed,95,confirmed,95,confirmed,85,confirmed,95,confirmed,90,confirmed,100,confirmed,95,confirmed,100,confirmed,85,confirmed,85,confirmed,95,confirmed,95,uncertain,85,confirmed
generated:threats:B-batch-4-078,incident,threat,knife_visible,C_object_cued,85,,verification_failed,,verification_failed,,verification_failed,85,confirmed,85,confirmed,30,confirmed,85,confirmed,85,confirmed,20,confirmed,95,confirmed,95,confirmed,85,confirmed,95,confirmed,85,confirmed,70,confirmed
generated:threats:B-batch-4-079,incident,threat,blunt_weapon,B_context_risk,85,85,confirmed,85,confirmed,85,confirmed,95,confirmed,65,confirmed,30,confirmed,85,confirmed,40,confirmed,95,confirmed,95,confirmed,95,confirmed,95,confirmed,85,confirmed,0,rejected,85,confirmed
generated:threats:B-batch-4-080,incident,threat,forced_entry,C_object_cued,85,95,confirmed,95,confirmed,95,confirmed,95,confirmed,95,confirmed,95,confirmed,95,confirmed,100,confirmed,100,confirmed,95,confirmed,95,confirmed,95,confirmed,95,confirmed,95,uncertain,95,confirmed
generated:threats:B-batch-4-081,incident,threat,package_theft,A_stranger_intent,60,0,confirmed,0,confirmed,0,confirmed,0,confirmed,0,confirmed,0,confirmed,0,confirmed,0,confirmed,0,confirmed,0,confirmed,0,confirmed,5,confirmed,0,confirmed,0,confirmed,10,confirmed
generated:threats:B-batch-4-082,incident,threat,car_break_in,B_context_risk,60,10,confirmed,10,confirmed,10,confirmed,10,confirmed,30,confirmed,75,confirmed,75,confirmed,0,confirmed,75,confirmed,85,confirmed,45,confirmed,85,confirmed,85,confirmed,75,confirmed,65,confirmed
generated:threats:B-batch-4-083,incident,threat,catalytic_converter_theft,B_context_risk,60,10,confirmed,10,confirmed,10,confirmed,0,confirmed,10,confirmed,0,confirmed,20,confirmed,85,confirmed,5,confirmed,85,confirmed,20,confirmed,45,confirmed,10,confirmed,10,confirmed,20,confirmed
generated:threats:B-batch-4-084,incident,threat,masked_intruder_night,C_object_cued,85,95,confirmed,95,confirmed,95,confirmed,85,confirmed,85,confirmed,95,confirmed,90,confirmed,95,confirmed,95,confirmed,95,confirmed,95,confirmed,45,confirmed,95,confirmed,95,uncertain,85,confirmed
generated:threats:B-batch-4-085,incident,threat,fence_climbing,B_context_risk,60,0,uncertain,0,uncertain,0,uncertain,20,confirmed,10,confirmed,0,confirmed,10,confirmed,0,confirmed,0,confirmed,20,confirmed,20,confirmed,60,confirmed,10,confirmed,0,rejected,10,confirmed
generated:threats:B-batch-4-086,incident,threat,pool_trespass,B_context_risk,60,10,confirmed,10,confirmed,10,confirmed,10,confirmed,10,confirmed,10,confirmed,10,confirmed,10,confirmed,75,confirmed,65,confirmed,85,confirmed,85,confirmed,65,confirmed,0,confirmed,75,confirmed
generated:threats:B-batch-4-087,incident,threat,vandalism,B_context_risk,60,75,confirmed,75,confirmed,75,confirmed,85,confirmed,75,confirmed,75,confirmed,75,confirmed,75,confirmed,75,confirmed,65,confirmed,85,confirmed,65,confirmed,85,confirmed,0,rejected,85,confirmed
generated:threats:B-batch-4-088,incident,threat,person_down,B_context_risk,85,0,confirmed,0,confirmed,0,confirmed,10,confirmed,100,confirmed,20,confirmed,50,confirmed,95,confirmed,0,confirmed,50,confirmed,85,confirmed,65,confirmed,75,confirmed,0,uncertain,75,confirmed
generated:threats:B-batch-4-089,incident,threat,fire_or_smoke,C_object_cued,85,95,confirmed,95,confirmed,95,confirmed,85,confirmed,85,confirmed,85,confirmed,95,confirmed,95,confirmed,95,confirmed,100,confirmed,95,confirmed,95,confirmed,95,confirmed,95,confirmed,95,confirmed
generated:threats:B-batch-4-090,incident,threat,child_alone_at_pool,B_context_risk,85,0,confirmed,0,confirmed,0,confirmed,10,confirmed,0,confirmed,10,confirmed,10,confirmed,10,confirmed,65,confirmed,95,confirmed,20,confirmed,85,confirmed,85,confirmed,0,uncertain,20,confirmed
generated:threats:B-batch-4-091,incident,threat,firearm_visible,C_object_cued,85,85,confirmed,85,confirmed,85,confirmed,60,confirmed,85,confirmed,85,confirmed,50,confirmed,95,confirmed,65,confirmed,100,confirmed,85,confirmed,85,confirmed,95,confirmed,10,rejected,85,confirmed
generated:threats:B-batch-4-092,incident,threat,knife_visible,C_object_cued,85,0,rejected,0,rejected,0,rejected,0,rejected,50,confirmed,0,rejected,0,rejected,10,uncertain,0,rejected,0,rejected,5,rejected,10,confirmed,0,rejected,0,rejected,40,confirmed
generated:threats:B-batch-4-093,incident,threat,forced_entry,C_object_cued,85,95,confirmed,95,confirmed,95,confirmed,95,confirmed,85,confirmed,95,confirmed,85,confirmed,100,confirmed,95,confirmed,100,confirmed,95,confirmed,95,confirmed,95,confirmed,0,uncertain,85,confirmed
generated:threats:B-batch-4-094,incident,threat,package_theft,A_stranger_intent,60,0,confirmed,0,confirmed,0,confirmed,5,confirmed,10,confirmed,10,confirmed,0,confirmed,0,confirmed,10,confirmed,0,confirmed,10,confirmed,10,confirmed,10,confirmed,0,uncertain,20,confirmed
generated:threats:B-batch-4-095,incident,threat,masked_intruder_night,C_object_cued,85,75,confirmed,75,confirmed,75,confirmed,0,rejected,50,confirmed,95,confirmed,85,confirmed,100,confirmed,30,confirmed,95,confirmed,95,confirmed,90,confirmed,95,confirmed,95,confirmed,85,confirmed
generated:threats:B-batch-4-096,incident,threat,fire_or_smoke,C_object_cued,85,75,confirmed,75,confirmed,75,confirmed,75,confirmed,85,confirmed,75,confirmed,65,confirmed,45,confirmed,85,confirmed,95,confirmed,95,confirmed,95,confirmed,20,confirmed,0,uncertain,85,confirmed
generated:threats:B-batch-4-097,incident,threat,child_alone_at_pool,B_context_risk,85,5,confirmed,5,confirmed,5,confirmed,10,confirmed,10,confirmed,10,confirmed,20,confirmed,85,confirmed,10,confirmed,95,confirmed,85,confirmed,85,confirmed,85,confirmed,5,uncertain,10,confirmed
generated:threats:B-pilot-1-000,incident,threat,firearm_visible,C_object_cued,85,95,confirmed,95,confirmed,95,confirmed,85,confirmed,85,confirmed,80,confirmed,85,confirmed,95,confirmed,95,confirmed,100,confirmed,45,confirmed,95,confirmed,85,confirmed,85,uncertain,80,confirmed
generated:threats:B-pilot-1-001,incident,threat,knife_visible,C_object_cued,85,85,confirmed,85,confirmed,85,confirmed,10,uncertain,20,uncertain,10,confirmed,20,rejected,0,rejected,85,confirmed,65,uncertain,15,confirmed,85,confirmed,,verification_failed,45,confirmed,80,confirmed
generated:threats:B-pilot-1-002,incident,threat,forced_entry,C_object_cued,85,95,confirmed,95,confirmed,95,confirmed,95,confirmed,85,confirmed,95,confirmed,95,confirmed,100,confirmed,95,confirmed,95,confirmed,95,confirmed,95,confirmed,95,confirmed,0,uncertain,95,confirmed
generated:threats:B-pilot-1-003,incident,threat,package_theft,A_stranger_intent,60,10,confirmed,10,confirmed,10,confirmed,10,confirmed,10,confirmed,10,confirmed,10,confirmed,5,confirmed,10,confirmed,0,confirmed,10,confirmed,10,confirmed,20,confirmed,0,rejected,10,confirmed
generated:threats:B-pilot-1-004,incident,threat,masked_intruder_night,C_object_cued,85,85,confirmed,85,confirmed,85,confirmed,85,confirmed,85,confirmed,85,confirmed,85,confirmed,95,confirmed,75,confirmed,95,confirmed,95,confirmed,95,confirmed,,verification_failed,0,uncertain,85,confirmed
generated:threats:B-pilot-1-005,incident,threat,fire_or_smoke,C_object_cued,85,95,confirmed,95,confirmed,95,confirmed,95,confirmed,95,confirmed,95,confirmed,100,confirmed,95,confirmed,100,confirmed,100,confirmed,100,confirmed,100,confirmed,95,confirmed,98,confirmed,100,confirmed
generated:threats:B-pilot-1-006,incident,threat,child_alone_at_pool,B_context_risk,85,10,confirmed,10,confirmed,10,confirmed,10,confirmed,10,confirmed,20,confirmed,85,confirmed,10,confirmed,95,confirmed,95,confirmed,85,confirmed,25,confirmed,95,confirmed,85,confirmed,80,confirmed
